Wahlgebiet_ID;Wahlgebiet_Name;Wahlgebiet_Name3;Wahlberechtigte;Wähler;Ungültige.Stimmen;Gültige.Stimmen;CDU;SPD;Grüne;Die.Linke;AfD;FDP;Freie.Wähler;Piraten;Tierschutzpartei;NPD;Familie;ÖDP;Die.Partei;Volksabstimmung;BP;DKP;MLPD;SGP;Tierschutz.hier;Tierschutzallianz;Bündnis.C;BIG;BGE;Die.Direkte;DieM25;III.Weg;Die.Grauen;Die.Rechte;Die.Violetten;Liebe;Die.Frauen;Graue.Panther;LKR;Menschliche.Welt;NL;Ökolinx;Die.Humanisten;Partei.für.die.Tiere;Gesundheitsforschung;Volt
1001;Flensburg, Stadt;Schleswig-Holstein;70429;39695;285;39410;6829;5676;14604;2349;2477;1987;257;405;925;44;345;184;1663;45;24;14;13;15;118;80;48;34;72;33;222;7;74;19;40;38;53;79;31;40;21;55;97;61;47;285
1002;Kiel, Landeshauptstadt;Schleswig-Holstein;186180;109613;580;109033;18313;17912;40326;6492;6458;5271;525;1368;1498;119;599;515;4962;85;38;69;42;12;197;155;85;129;150;64;675;9;180;36;84;71;102;243;110;100;60;198;371;144;129;1137
1003;Lübeck, Hansestadt;Schleswig-Holstein;166530;90946;461;90485;18416;17566;28633;4231;6773;4174;1018;883;1189;162;611;456;2680;77;48;49;40;6;214;125;97;213;89;56;332;13;121;40;78;97;126;181;73;68;54;97;234;126;104;935
1004;Neumünster, Stadt;Schleswig-Holstein;60225;29036;231;28805;7039;5286;7809;1041;2761;1539;240;352;407;140;287;123;678;44;25;11;9;3;71;42;43;101;28;25;62;6;69;12;21;28;42;80;70;17;14;20;56;56;34;114
1051;Dithmarschen;Schleswig-Holstein;107045;58286;517;57769;17955;10294;12121;2002;5121;4498;609;539;886;98;613;157;1089;81;28;22;13;12;126;94;25;6;64;32;100;13;128;36;47;65;70;170;45;54;23;41;78;118;111;185
1053;Herzogtum Lauenburg;Schleswig-Holstein;152726;91918;623;91295;24912;15942;23552;3168;8356;5774;991;658;1439;170;920;508;1875;91;72;33;20;14;216;147;124;42;79;54;196;18;192;51;68;97;109;215;112;68;49;60;127;164;107;505
1054;Nordfriesland;Schleswig-Holstein;131876;77706;518;77188;23443;12566;22580;2449;4373;4432;563;815;1115;119;771;244;1340;88;38;18;22;12;197;133;50;17;77;40;146;11;136;34;62;92;97;181;48;73;23;80;104;148;114;337
1055;Ostholstein;Schleswig-Holstein;165528;97929;742;97187;28575;18497;24639;2822;7844;6007;1041;758;1301;162;953;336;1472;93;67;44;16;18;250;131;104;32;73;56;182;22;162;32;72;85;100;193;93;59;31;70;104;209;126;356
1056;Pinneberg;Schleswig-Holstein;239301;150902;1060;149842;39174;26017;43304;5485;11685;9475;1103;1254;2052;193;1119;680;3261;179;87;54;22;15;354;241;152;194;114;105;453;31;313;68;119;111;179;384;183;94;83;99;222;221;169;794
1057;Plön;Schleswig-Holstein;104848;66944;443;66501;18150;11683;19797;2067;4846;3618;559;582;900;100;564;231;1365;61;36;25;25;8;172;103;67;19;52;37;141;8;147;24;48;68;56;138;83;57;22;43;81;148;79;291
1058;Rendsburg-Eckernförde;Schleswig-Holstein;218466;136614;797;135817;38936;22593;39806;4221;9206;7544;1001;1302;2091;195;1205;573;2993;126;70;37;29;15;317;231;95;89;129;71;328;17;282;48;111;91;129;319;153;98;65;121;200;270;179;531
1059;Schleswig-Flensburg;Schleswig-Holstein;159623;95584;683;94901;27527;15339;28886;3123;5704;4739;1087;841;1473;103;997;358;1880;88;53;24;20;11;256;158;55;28;92;71;170;12;187;45;80;103;96;202;68;61;37;72;117;198;132;408
1060;Segeberg;Schleswig-Holstein;212746;126634;816;125818;34078;21105;33886;4597;10296;8446;1407;1065;1937;212;1409;590;2546;159;79;43;18;13;305;216;142;71;105;85;308;18;317;50;107;121;164;351;147;89;53;93;168;223;146;653
1061;Steinburg;Schleswig-Holstein;104587;60584;469;60115;17289;9846;16148;2159;4674;3681;593;613;978;123;598;200;1271;96;40;21;11;10;159;109;76;42;42;34;98;11;121;23;58;83;47;146;53;49;25;47;97;96;61;287
1062;Stormarn;Schleswig-Holstein;187460;124544;763;123781;33153;20093;36317;4178;9845;8519;941;842;1629;155;1090;680;2419;114;71;52;11;13;264;192;103;104;96;69;304;13;261;39;85;110;136;295;142;73;57;107;168;179;146;716
2000;Hamburg, Freie und Hansestadt;Hamburg;1302539;803117;9936;793181;140023;157023;247147;55171;51381;44292;3384;6450;10911;860;2530;5499;30109;669;517;510;352;85;1387;1027;798;2637;1283;509;6337;145;1094;305;563;667;937;1496;993;757;718;1679;1592;1146;787;9411
3101;Braunschweig, Stadt;Niedersachsen;190414;122201;589;121612;27463;24206;34112;5763;8327;6279;598;1159;1782;185;611;765;4831;107;59;33;64;18;284;150;142;324;121;85;565;13;190;34;82;93;149;213;277;72;82;99;338;194;131;1612
3102;Salzgitter, Stadt;Niedersachsen;72737;37225;406;36819;9267;9457;5440;1759;5519;1538;263;204;637;149;287;102;796;43;35;10;9;10;138;72;48;175;19;14;50;12;72;39;20;47;50;65;69;18;12;19;56;77;78;144
3103;Wolfsburg, Stadt;Niedersachsen;89191;50390;324;50066;14495;12056;8970;1811;5105;2482;276;359;820;124;337;267;1153;77;49;37;28;7;152;86;152;69;27;33;102;11;94;19;24;42;64;116;69;36;25;23;70;93;89;217
3151;Gifhorn;Niedersachsen;136223;82780;516;82264;26024;17358;15740;2628;8047;3943;518;529;1289;144;614;363;1855;89;98;21;19;9;274;158;584;74;46;60;181;14;159;52;59;54;90;166;90;60;32;35;128;154;151;355
3153;Goslar;Niedersachsen;107480;62887;512;62375;17944;15234;10752;2448;6408;3051;339;385;1143;212;417;244;1550;94;68;16;13;8;239;106;45;87;70;38;133;9;132;61;35;62;71;114;89;38;15;38;111;135;111;310
3154;Helmstedt;Niedersachsen;73182;42754;326;42428;13022;10514;6885;1470;3895;2101;274;282;806;208;341;197;963;67;50;16;10;6;161;69;57;29;32;25;91;3;68;27;11;33;51;115;68;29;16;29;61;99;80;167
3155;Northeim;Niedersachsen;107549;60359;368;59991;16764;16429;11405;1930;4877;2959;352;335;852;165;398;198;1353;79;59;15;12;10;201;111;130;59;75;29;110;6;114;30;41;57;71;101;65;40;21;47;68;89;97;237
3157;Peine;Niedersachsen;103605;64184;422;63762;16991;16667;12304;2229;5936;2930;388;412;1120;142;507;251;1513;88;50;13;15;7;211;120;100;191;53;28;128;16;137;37;43;50;70;159;69;45;23;37;101;154;105;322
3158;Wolfenbüttel;Niedersachsen;96324;62079;430;61649;17029;14372;13082;2185;5510;3037;329;454;1031;141;357;256;1815;66;51;19;10;8;188;99;49;94;36;31;128;10;106;25;31;46;76;125;125;51;19;30;90;130;80;328
3159;Göttingen;Niedersachsen;253353;152704;767;151937;38909;33883;38408;6650;10309;6862;1352;1010;2052;276;834;666;4226;190;129;72;50;19;372;238;160;165;236;89;831;27;281;67;128;121;157;220;206;94;67;419;394;230;187;1351
3241;Region Hannover;Niedersachsen;844666;540344;2944;537400;132329;112036;140556;23978;43420;26320;3071;4331;7845;732;2872;2451;15878;682;414;289;228;59;1315;779;856;1844;524;314;2135;104;1078;275;333;404;621;1050;557;406;260;650;1163;864;763;3614
3251;Diepholz;Niedersachsen;169375;105411;748;104663;33708;21150;22483;3539;7849;6574;710;600;1414;155;665;524;2194;131;59;24;19;12;296;136;98;80;98;59;196;22;168;51;65;68;117;175;91;73;25;81;176;190;163;425
3252;Hameln-Pyrmont;Niedersachsen;116288;67945;414;67531;19200;15754;13908;2609;6648;3180;424;434;971;119;441;225;1273;109;67;15;8;11;250;150;110;102;46;38;141;16;134;47;47;53;119;131;70;41;23;41;79;131;87;279
3254;Hildesheim;Niedersachsen;217018;135480;663;134817;37713;31123;30585;5024;11272;6048;747;772;2050;260;879;556;3216;209;132;53;25;20;408;215;224;170;128;73;307;35;253;104;84;99;143;234;131;91;46;113;236;236;177;626
3255;Holzminden;Niedersachsen;55950;33503;372;33131;9913;9336;5508;924;2759;1902;167;188;435;72;234;98;558;56;46;11;2;3;116;69;88;32;31;23;43;8;40;15;26;33;34;54;27;17;14;23;41;52;33;100
3256;Nienburg (Weser);Niedersachsen;94437;53563;379;53184;17382;11551;10759;1657;4600;2553;320;326;693;113;351;158;1068;79;41;14;8;10;119;90;51;27;58;30;116;12;86;30;34;49;66;92;54;45;16;34;91;94;104;203
3257;Schaumburg;Niedersachsen;124384;72988;404;72584;20075;17481;15793;2296;6544;3234;496;451;1153;114;548;299;1549;92;69;20;15;9;205;116;157;138;63;39;150;15;145;56;64;64;73;164;82;49;25;65;102;164;105;305
3351;Celle;Niedersachsen;139071;83717;506;83211;26926;15018;16505;2702;9092;4657;805;462;1341;152;584;315;1713;116;98;27;14;8;293;154;215;36;70;54;186;19;178;31;51;77;101;183;116;60;31;59;116;160;131;355
3352;Cuxhaven;Niedersachsen;158210;97904;864;97040;36576;19954;17488;3275;7844;3709;756;518;1438;176;555;275;1593;169;65;23;22;17;286;178;65;36;87;35;139;13;139;50;64;71;131;210;99;68;31;63;135;200;133;354
3353;Harburg;Niedersachsen;199955;133026;919;132107;38087;21525;34668;4400;11360;7935;1309;844;2585;192;843;722;2749;134;145;36;27;9;316;195;216;86;94;89;408;17;259;73;101;94;142;294;521;99;79;102;183;229;169;771
3354;Lüchow-Dannenberg;Niedersachsen;39160;23088;149;22939;6175;3915;6558;1269;1710;896;125;121;333;39;167;151;594;29;11;12;11;6;73;35;38;2;64;15;107;3;32;11;20;30;24;38;25;23;7;92;19;36;32;91
3355;Lüneburg;Niedersachsen;142504;95387;672;94715;23611;17588;27045;4528;7150;3914;515;724;1724;216;567;609;2613;112;84;34;15;6;263;144;77;53;174;55;393;17;160;70;87;85;124;184;132;90;44;171;142;187;135;873
3356;Osterholz;Niedersachsen;90731;56841;343;56498;16078;11602;13752;2713;4550;2697;344;317;816;89;355;201;1105;73;42;17;11;6;173;99;73;32;54;29;155;10;114;27;33;44;63;122;55;44;19;40;118;109;66;251
3357;Rotenburg (Wümme);Niedersachsen;129081;80401;465;79936;28223;14465;17219;2641;5814;4220;767;476;1074;164;558;249;1708;111;59;17;16;12;208;142;107;35;62;41;158;15;127;34;45;66;93;113;78;67;29;52;108;116;125;322
3358;Heidekreis;Niedersachsen;108608;64394;478;63916;19902;14187;12856;1987;5767;3241;442;378;984;147;453;258;1179;109;47;28;8;11;201;119;107;22;73;31;117;23;138;47;52;49;94;126;70;47;25;48;85;112;101;245
3359;Stade;Niedersachsen;157508;98134;659;97475;30775;18485;22222;3434;8244;4719;842;780;1558;238;654;362;1965;126;67;23;15;14;249;140;80;92;85;68;212;8;160;50;58;86;87;168;182;70;51;64;147;163;111;621
3360;Uelzen;Niedersachsen;74973;46288;376;45912;15072;9168;9500;1549;4037;2348;225;327;651;89;300;191;906;44;27;21;9;7;144;78;67;13;51;24;87;11;80;37;24;48;58;99;61;39;13;42;71;83;76;235
3361;Verden;Niedersachsen;105973;68052;503;67549;20585;14108;15917;2396;5242;3131;555;380;929;101;393;270;1368;84;30;15;11;5;201;101;82;89;73;42;157;11;102;40;56;58;78;107;67;52;35;66;106;128;88;290
3401;Delmenhorst, Stadt;Niedersachsen;56279;29611;259;29352;7315;6500;5907;1434;3480;1403;262;198;607;48;224;100;716;53;28;7;5;5;102;53;18;118;29;20;58;7;71;16;20;33;25;108;39;21;11;25;33;61;64;128
3402;Emden, Stadt;Niedersachsen;37967;22899;337;22562;4185;6539;4874;1282;2133;1102;136;200;399;50;178;47;617;51;15;31;5;3;66;27;33;13;19;21;38;4;56;14;12;22;32;43;26;27;7;15;46;52;39;103
3403;Oldenburg (Oldenburg), Stadt;Niedersachsen;129795;84195;388;83807;16001;14414;29937;5395;4384;3881;455;619;1231;100;347;579;3148;92;38;55;29;9;204;120;53;105;110;50;399;8;114;26;51;48;101;135;289;58;51;168;219;106;85;593
3404;Osnabrück, Stadt;Niedersachsen;123607;79196;432;78764;18652;13954;26198;4177;3781;3757;301;559;857;74;262;451;2710;69;39;42;25;8;139;98;96;217;96;44;311;5;109;30;45;40;60;90;95;48;48;198;255;85;61;678
3405;Wilhelmshaven, Stadt;Niedersachsen;61706;32938;323;32615;8499;8468;6413;1230;3020;1431;293;176;484;57;235;190;796;67;66;17;18;2;100;49;15;11;31;24;90;5;71;24;17;23;47;63;93;24;14;25;80;75;54;218
3451;Ammerland;Niedersachsen;97565;63245;467;62778;19144;12394;14779;2164;4417;3765;415;357;948;98;498;597;1314;94;37;15;7;9;181;95;35;30;50;32;97;17;101;31;29;39;70;99;156;34;22;46;84;90;103;285
3452;Aurich;Niedersachsen;153372;92397;1394;91003;22118;25993;17672;3462;8280;4380;844;572;1563;185;708;288;1755;131;63;24;23;29;367;170;146;33;97;54;152;14;187;79;53;90;163;168;107;65;31;59;106;234;153;385
3453;Cloppenburg;Niedersachsen;120227;66148;408;65740;31382;8880;10263;1797;4903;3639;284;349;582;104;549;208;1169;62;23;6;8;11;127;62;206;16;32;41;53;3;91;20;33;40;74;92;82;39;18;27;90;61;82;232
3454;Emsland;Niedersachsen;239069;149737;1063;148674;73233;21925;24398;3601;8089;7576;538;709;1341;189;946;329;2586;119;68;25;12;16;240;155;117;38;92;74;163;15;160;60;73;91;150;154;132;68;36;48;172;193;192;551
3455;Friesland;Niedersachsen;81384;50536;555;49981;13851;12569;10287;1705;3873;2663;297;293;846;76;381;191;1179;71;37;18;18;7;179;94;27;18;44;35;93;14;96;34;26;61;60;107;148;46;24;42;64;106;81;220
3456;Grafschaft Bentheim;Niedersachsen;97968;65791;459;65332;25492;15484;12065;1724;3088;3062;243;292;669;73;395;286;957;65;53;22;10;6;175;79;79;42;28;24;76;11;66;19;32;42;67;64;38;36;22;35;47;98;70;196
3457;Leer;Niedersachsen;131488;73354;640;72714;19689;18558;14554;2683;6572;3381;363;409;1111;138;610;315;1786;106;51;26;7;16;227;109;184;20;61;50;129;8;135;58;57;62;101;146;140;44;17;43;107;162;96;383
3458;Oldenburg;Niedersachsen;101026;63567;288;63279;18017;11426;16005;2323;4914;4327;716;354;973;88;466;300;1310;90;47;13;5;10;190;94;46;22;44;51;132;9;127;26;42;49;80;128;149;47;29;47;107;103;94;279
3459;Osnabrück;Niedersachsen;272850;171096;1148;169948;61369;33787;38160;5295;9556;8455;773;881;1813;248;1168;582;3197;177;125;40;22;19;352;207;323;118;113;73;299;14;239;91;104;136;209;195;172;102;61;99;220;289;219;646
3460;Vechta;Niedersachsen;101152;65089;371;64718;31666;7671;11755;1522;3924;3733;326;309;523;61;383;170;1274;75;24;20;12;5;93;67;30;51;16;24;77;5;86;21;28;46;72;69;36;25;21;25;94;51;69;259
3461;Wesermarsch;Niedersachsen;69579;37953;297;37656;10539;8825;8152;1446;2973;1993;234;235;604;69;267;123;914;64;10;17;10;6;124;79;16;41;25;25;68;5;100;29;33;33;44;75;53;31;11;22;76;70;71;144
3462;Wittmund;Niedersachsen;46175;24414;231;24183;7688;5601;4547;748;2118;1208;147;116;422;44;198;79;443;40;22;2;7;4;100;41;29;12;29;11;42;8;65;12;25;24;24;40;46;16;5;17;28;55;35;85
4011;Bremen, Stadt;Bremen;390010;253272;2838;250434;54940;60493;58633;20161;17995;11517;1469;2117;2611;291;671;588;8707;368;110;175;102;26;525;274;178;884;621;117;1218;34;246;126;96;126;286;341;171;332;90;466;906;336;248;1839
4012;Bremerhaven, Stadt;Bremen;80171;41789;799;40990;8874;10771;7446;2786;4473;2105;209;511;716;97;242;88;1005;94;29;13;16;5;160;81;28;89;69;15;87;3;73;71;8;27;55;120;33;61;11;30;122;124;69;174
5111;Düsseldorf, Stadt;Nordrhein-Westfalen;414525;263187;1451;261736;64587;39877;76394;12587;18079;22172;1363;1721;3216;276;1097;1123;7742;255;163;129;162;19;588;308;172;1041;199;168;1334;25;434;88;192;224;251;592;352;176;183;198;526;401;308;3014
5112;Duisburg, Stadt;Nordrhein-Westfalen;325373;162889;1546;161343;32105;39557;31532;9319;19359;8447;995;1220;2952;463;1218;578;4907;288;100;93;307;46;517;260;159;2233;121;89;422;26;428;192;144;137;216;471;103;118;74;135;272;411;284;1045
5113;Essen, Stadt;Nordrhein-Westfalen;416106;246269;1877;244392;57242;51163;55645;11303;26304;15744;1342;1616;4491;415;1495;1015;6771;293;146;249;268;34;630;379;276;1276;200;142;713;36;551;124;192;185;288;538;231;228;136;171;423;363;261;1513
5114;Krefeld, Stadt;Nordrhein-Westfalen;162064;93881;775;93106;24918;17017;22803;4388;7246;7041;462;694;1501;147;580;379;2297;121;47;43;67;7;215;125;70;464;120;66;313;11;173;38;76;74;97;168;85;63;41;71;150;213;129;586
5116;Mönchengladbach, Stadt;Nordrhein-Westfalen;188522;103412;1042;102370;30600;16469;23257;4514;8868;7215;685;807;1892;231;664;430;2685;151;66;44;40;7;259;175;51;617;83;72;243;19;220;44;91;86;107;238;63;79;47;73;198;260;140;580
5117;Mülheim an der Ruhr, Stadt;Nordrhein-Westfalen;123207;77172;575;76597;18299;16229;17594;3243;7396;5832;465;521;1330;111;508;299;1880;84;47;35;71;11;202;106;73;287;57;33;196;13;146;37;104;54;84;194;84;40;48;53;120;172;102;437
5119;Oberhausen, Stadt;Nordrhein-Westfalen;150624;82901;851;82050;18091;20422;15337;4109;10010;4335;456;735;1752;235;668;299;2183;129;50;25;71;11;232;118;46;404;49;61;188;12;204;59;203;82;131;240;54;45;42;43;113;239;134;433
5120;Remscheid, Stadt;Nordrhein-Westfalen;77129;43470;455;43015;11733;8290;9224;1910;4254;2932;244;343;748;60;273;226;1020;87;22;31;16;6;100;65;59;353;39;21;67;9;95;37;41;41;55;91;37;43;19;13;71;98;53;189
5122;Solingen, Klingenstadt;Nordrhein-Westfalen;112713;64710;526;64184;16506;11310;15870;3090;5869;4623;380;525;1093;75;421;320;1547;80;27;32;51;12;186;78;61;459;42;38;139;7;109;38;73;58;61;129;51;40;21;35;137;149;67;375
5124;Wuppertal, Stadt;Nordrhein-Westfalen;238998;140582;1097;139485;31132;25947;35420;8565;13628;8718;805;1032;2489;273;778;648;4182;189;89;81;109;16;368;218;178;693;118;104;572;15;269;118;96;133;180;271;119;93;78;111;292;299;195;864
5154;Kleve;Nordrhein-Westfalen;227072;136936;1138;135798;48756;23140;29493;4398;8692;9643;732;802;2026;177;935;617;2308;183;71;24;34;14;292;163;88;39;86;66;203;20;254;66;101;117;165;230;108;80;64;67;200;296;176;872
5158;Mettmann;Nordrhein-Westfalen;367255;234470;1887;232583;67117;40332;54145;8214;20603;18496;1436;1782;3918;322;1591;1065;4623;347;172;65;100;28;661;323;252;893;140;149;595;34;524;128;203;162;305;603;262;170;121;124;337;499;292;1450
5162;Rhein-Kreis Neuss;Nordrhein-Westfalen;334970;211321;1599;209722;68003;34152;45452;6704;16801;18190;1273;1436;3238;312;1474;977;4073;245;185;50;50;20;622;270;119;667;111;99;499;25;388;83;150;185;273;481;219;130;109;112;363;464;288;1430
5166;Viersen;Nordrhein-Westfalen;228023;141531;1143;140388;45986;22425;33173;4794;9873;11048;945;911;2354;212;983;497;2653;190;79;35;22;13;355;197;132;223;88;66;288;21;310;53;133;123;154;313;113;107;69;63;185;302;161;739
5170;Wesel;Nordrhein-Westfalen;356669;218552;1843;216709;59081;48737;44847;9330;19658;14243;1269;1337;3652;333;1718;680;4499;313;127;43;128;26;515;338;164;623;124;128;333;27;511;119;173;166;252;549;169;145;79;105;279;547;329;1013
5314;Bonn, Stadt;Nordrhein-Westfalen;228055;158454;818;157636;36292;24317;50341;7674;9417;11084;770;1171;1707;92;467;1030;4954;119;99;65;69;11;210;124;177;1233;144;70;1054;18;157;48;85;77;179;154;297;64;115;213;419;155;119;2845
5315;Köln, Stadt;Nordrhein-Westfalen;740445;478584;2530;476054;94220;80809;156513;29156;29371;29704;2213;3578;6236;370;1757;2247;16002;520;241;180;354;55;887;513;324;2115;431;227;3426;47;730;112;347;338;506;906;498;313;297;723;994;654;516;7624
5316;Leverkusen, Stadt;Nordrhein-Westfalen;116192;69726;580;69146;18053;13790;15693;2952;6510;4613;419;553;1048;103;453;313;1748;109;51;12;62;7;197;94;35;272;48;56;190;9;153;29;55;70;74;222;72;67;39;38;135;143;130;529
5334;Städteregion Aachen;Nordrhein-Westfalen;405297;249066;1785;247281;66036;49130;60880;10988;17066;14899;1068;2236;3323;294;1151;2261;6784;263;123;60;73;27;543;243;142;670;157;123;1143;21;325;101;155;149;255;369;201;147;141;173;681;448;227;4205
5358;Düren;Nordrhein-Westfalen;199697;120596;1323;119273;38646;23922;20432;4248;11541;8474;745;860;2210;243;1043;513;2013;260;96;40;20;6;404;191;110;186;81;77;219;23;258;62;109;135;158;350;104;60;49;36;165;318;196;670
5362;Rhein-Erft-Kreis;Nordrhein-Westfalen;346326;221108;1921;219187;62997;43715;46003;7561;20340;16994;1481;1612;3504;339;1516;768;4307;354;157;40;49;15;524;287;122;663;126;123;537;37;455;144;145;194;244;614;226;154;95;92;351;545;300;1457
5366;Euskirchen;Nordrhein-Westfalen;151478;92856;910;91946;31063;15100;16910;3100;8877;7808;632;589;1668;137;752;436;1715;170;56;14;12;12;283;145;94;56;70;50;184;14;196;44;88;107;117;236;100;67;38;40;118;271;153;424
5370;Heinsberg;Nordrhein-Westfalen;191076;112624;1250;111374;39869;18552;21245;4098;9358;7147;1080;697;2015;302;890;437;1946;166;73;12;18;13;320;180;56;148;70;58;162;15;225;62;93;105;139;372;63;72;52;49;128;316;129;642
5374;Oberbergischer Kreis;Nordrhein-Westfalen;207897;126632;1246;125386;39757;21981;26025;4498;11581;8770;785;824;1994;163;1143;873;2302;206;84;20;37;13;339;153;624;216;102;89;236;22;247;88;109;138;102;283;108;102;47;62;180;272;154;657
5378;Rheinisch-Bergischer Kreis;Nordrhein-Westfalen;218106;148415;954;147461;44229;24012;38570;5015;10646;11647;1161;834;2137;113;815;719;2674;212;98;30;34;13;332;183;185;212;86;79;422;9;241;44;98;102;111;273;186;100;75;62;224;272;175;1031
5382;Rhein-Sieg-Kreis;Nordrhein-Westfalen;455483;300312;2297;298015;89675;48388;72122;10665;24212;22440;1970;2201;4846;377;1864;1654;6261;857;207;62;72;25;683;400;453;666;199;160;818;36;575;127;259;227;281;634;429;228;166;169;503;607;356;2141
5512;Bottrop, Stadt;Nordrhein-Westfalen;87999;52298;495;51803;12582;12867;8968;2138;6387;3021;262;373;958;97;379;652;1131;65;27;232;52;5;168;60;17;188;24;34;85;3;116;36;33;43;64;102;34;45;21;18;69;132;88;227
5513;Gelsenkirchen, Stadt;Nordrhein-Westfalen;172667;88520;873;87647;17200;22498;13697;4025;14398;4573;696;565;2215;278;691;251;2306;130;62;52;261;2;288;160;80;1000;78;56;103;23;215;112;60;76;115;252;66;86;29;50;143;256;150;349
5515;Münster, Stadt;Nordrhein-Westfalen;234502;172735;675;172060;41986;24719;62955;8565;6883;9791;734;1065;1550;60;489;1624;5537;84;64;69;47;6;151;137;120;197;97;60;833;19;161;27;65;79;130;178;149;77;95;225;385;170;117;2360
5554;Borken;Nordrhein-Westfalen;278983;181490;1049;180441;74957;29100;37232;4563;9776;12300;1074;959;1762;177;1315;628;2665;170;81;41;18;6;275;155;97;101;47;94;258;21;251;28;89;106;155;278;86;107;74;58;223;216;199;699
5558;Coesfeld;Nordrhein-Westfalen;173128;120067;660;119407;45668;18389;28811;3401;6513;7871;572;648;1206;129;1183;425;1910;105;60;12;25;6;148;111;43;49;40;34;182;24;179;49;64;77;128;150;76;73;32;43;137;165;142;527
5562;Recklinghausen;Nordrhein-Westfalen;469803;274127;2376;271751;69706;64106;50554;10973;31142;15959;1572;1926;5281;486;2501;915;6106;453;178;105;224;28;725;460;198;1347;176;182;495;44;693;228;218;226;363;736;194;199;120;128;427;790;436;1151
5566;Steinfurt;Nordrhein-Westfalen;340621;221236;1405;219831;75682;43333;51258;7499;12331;13250;1222;1280;2376;262;1455;829;3886;227;99;33;37;27;415;154;95;286;117;113;301;30;308;99;141;140;205;343;113;88;71;92;274;232;200;928
5570;Warendorf;Nordrhein-Westfalen;209212;136095;1068;135027;48013;23999;29821;4372;9035;8986;935;819;1527;151;988;489;2390;134;76;22;19;10;198;151;135;308;74;62;200;14;207;46;64;107;138;204;92;72;50;53;163;229;166;508
5711;Bielefeld, Stadt;Nordrhein-Westfalen;237243;151359;1115;150244;32603;28270;42289;9851;11498;8254;879;1195;2135;172;812;793;4827;170;90;82;74;18;223;171;519;976;131;83;644;21;242;99;100;133;147;260;139;101;62;279;331;212;184;1175
5754;Gütersloh;Nordrhein-Westfalen;263292;164193;1197;162996;52419;27534;39536;5613;12505;10355;1472;1014;2187;214;1278;854;2914;177;108;31;25;15;304;182;391;428;108;82;249;21;262;84;139;137;178;289;144;132;74;90;206;277;208;760
5758;Herford;Nordrhein-Westfalen;191048;113252;886;112366;29137;25712;24221;4512;11154;6460;1427;723;1834;153;827;372;2066;151;64;34;43;3;234;156;448;300;67;56;169;17;206;74;82;107;126;204;80;82;24;72;132;224;132;481
5762;Höxter;Nordrhein-Westfalen;111469;69376;603;68773;27446;11332;11659;2174;5650;4449;488;437;836;119;641;493;1165;86;53;16;7;6;119;60;116;100;35;22;75;14;114;39;42;80;83;125;58;35;32;26;82;131;84;244
5766;Lippe;Nordrhein-Westfalen;267750;164131;1504;162627;41966;35954;34841;6171;15680;10678;1921;1084;2396;224;1283;773;3322;211;99;31;34;7;351;229;1456;428;100;81;278;28;308;77;122;150;186;306;145;128;44;100;223;296;225;691
5770;Minden-Lübbecke;Nordrhein-Westfalen;240182;141925;1140;140785;38634;33063;28984;5064;12815;8706;1124;939;1937;220;1005;583;2879;191;53;44;22;17;229;175;877;225;107;60;231;23;262;78;88;117;126;241;175;84;55;69;207;276;183;617
5774;Paderborn;Nordrhein-Westfalen;230673;139337;1045;138292;49607;19044;31362;4946;11131;9196;871;945;1662;158;1030;640;3170;179;88;30;20;7;235;145;398;312;81;66;315;20;210;51;96;157;175;207;123;74;60;84;313;199;154;731
5911;Bochum, Stadt;Nordrhein-Westfalen;271415;165848;1352;164496;32602;37849;40111;9336;15598;9186;962;1273;2751;328;1038;710;5341;242;96;78;220;39;443;221;183;731;144;80;591;25;313;215;144;150;273;381;136;153;109;173;421;401;269;1180
5913;Dortmund, Stadt;Nordrhein-Westfalen;412595;241251;1724;239527;46156;54803;59764;13420;22013;14207;1401;2218;3948;441;1440;1096;7752;354;119;162;180;35;662;366;146;1340;243;186;860;22;522;633;192;211;313;622;174;200;128;262;481;513;324;1618
5914;Hagen, Stadt der FernUniversität;Nordrhein-Westfalen;130560;72701;673;72028;17400;16064;13199;3145;9077;4643;542;542;1419;178;561;347;1602;107;64;32;83;7;162;119;89;736;44;40;174;17;189;62;58;81;93;195;69;54;32;48;102;212;127;313
5915;Hamm, Stadt;Nordrhein-Westfalen;125696;72634;661;71973;19511;16598;13850;2960;7847;4182;488;579;1140;148;465;250;1403;111;40;19;17;7;193;95;43;472;39;39;106;13;127;108;41;47;79;131;61;47;20;37;91;160;88;321
5916;Herne, Stadt;Nordrhein-Westfalen;110671;59386;656;58730;11770;15717;10264;2971;7776;2991;333;590;1188;141;476;166;1422;90;29;23;80;7;195;109;71;673;44;37;123;11;161;41;61;58;106;174;51;42;26;36;126;185;100;266
5954;Ennepe-Ruhr-Kreis;Nordrhein-Westfalen;251943;156333;1219;155114;35800;35666;36561;6316;14231;10042;832;1530;2831;249;1058;714;3819;183;91;78;134;13;353;212;245;411;124;104;417;36;339;79;121;145;187;328;96;94;79;127;210;358;201;700
5958;Hochsauerlandkreis;Nordrhein-Westfalen;201504;125086;826;124260;51681;21337;19880;3535;9206;8422;1036;650;1508;174;915;493;2252;173;66;14;25;6;234;137;88;115;47;43;139;31;182;42;98;101;134;216;97;65;42;34;142;222;170;508
5962;Märkischer Kreis;Nordrhein-Westfalen;302136;170216;1563;168653;52808;32827;30402;6262;16987;11983;1240;1121;2935;346;1369;978;3092;306;121;59;72;15;483;257;541;605;97;98;312;34;399;78;155;133;209;395;156;114;58;84;232;345;259;686
5966;Olpe;Nordrhein-Westfalen;102295;64952;484;64468;29663;9958;9457;1617;4728;4390;391;300;728;80;440;225;990;76;50;19;17;12;95;66;47;54;26;26;72;47;95;25;46;33;70;77;65;43;17;12;56;83;80;192
5970;Siegen-Wittgenstein;Nordrhein-Westfalen;211301;130057;1028;129029;37646;26498;22786;5707;13429;8632;911;804;1949;206;1012;1561;3107;217;139;44;33;22;235;172;593;323;70;63;282;63;251;67;95;120;145;260;157;102;55;109;239;249;159;517
5974;Soest;Nordrhein-Westfalen;232476;140609;937;139672;46716;25043;29429;5003;11331;9811;858;845;1915;184;1065;585;2763;190;63;52;23;13;279;177;192;123;87;88;266;21;270;77;124;127;170;230;120;98;45;89;191;240;197;572
5978;Unna;Nordrhein-Westfalen;304840;181849;1630;180219;43124;45595;37618;7407;17690;10643;1354;1341;2958;351;1491;646;3625;300;106;57;75;37;524;267;132;603;111;112;279;27;428;190;133;139;188;438;121;148;71;72;276;430;317;795
6411;Darmstadt, Wissenschaftsstadt;Hessen;107437;71054;419;70635;11506;10721;23758;5030;4569;3997;528;850;871;33;189;940;3656;59;38;36;61;13;118;63;165;319;90;40;581;19;74;19;60;46;84;102;97;46;77;124;348;83;80;1145
6412;Frankfurt am Main, Stadt;Hessen;429856;258435;1487;256948;50517;38729;80382;16810;17315;19896;2455;1970;2901;248;622;1318;9151;230;185;191;118;47;379;241;292;1717;311;119;2335;31;311;81;146;148;326;451;395;233;179;1084;570;323;308;3883
6413;Offenbach am Main, Stadt;Hessen;67788;34924;320;34604;7050;5629;8937;2520;3498;1916;478;393;530;49;121;189;1213;56;33;20;6;8;73;45;46;339;51;16;272;12;65;17;98;21;63;63;43;23;16;116;74;62;54;389
6414;Wiesbaden, Landeshauptstadt;Hessen;188034;111296;1248;110048;27077;19996;27906;5265;9667;7596;1408;661;1371;98;314;616;3129;115;95;41;49;14;226;111;179;537;116;55;528;20;140;36;75;88;126;153;161;58;67;145;290;198;107;1214
6431;Bergstraße;Hessen;198695;120269;1404;118865;33924;20550;25914;3949;13356;8104;1886;725;2201;260;684;708;2345;255;119;32;26;17;340;212;262;97;101;49;319;29;212;52;111;107;121;201;129;100;40;44;191;312;172;609
6432;Darmstadt-Dieburg;Hessen;215429;136458;1708;134750;32986;26378;32722;5527;12508;8316;1858;1080;2347;220;745;1155;3293;293;141;117;47;16;397;217;422;258;114;58;426;20;259;62;120;99;186;278;167;101;52;119;257;286;249;854
6433;Groß-Gerau;Hessen;176014;100852;1179;99673;23762;19965;22748;4544;10435;5333;2066;733;1758;145;588;544;2305;213;99;59;74;12;310;152;124;862;87;51;318;23;232;56;80;95;150;245;117;87;45;66;213;239;161;577
6434;Hochtaunuskreis;Hessen;164348;107047;638;106409;32197;14311;27258;3215;9165;9939;1219;597;1368;128;377;558;2170;132;138;37;16;10;221;109;158;114;83;58;320;18;137;33;82;68;102;165;308;95;51;97;188;141;122;904
6435;Main-Kinzig-Kreis;Hessen;299122;168243;1954;166289;43760;29729;34732;6203;20730;10277;3174;1144;3048;462;962;1319;3758;370;226;96;51;30;492;297;229;482;146;90;470;38;340;102;177;176;223;352;257;181;81;141;290;459;311;884
6436;Main-Taunus-Kreis;Hessen;165816;106307;826;105481;31652;15227;26299;3408;9479;8485;1641;582;1420;115;455;616;2199;120;112;28;17;11;236;100;113;301;80;44;332;20;167;23;66;74;126;190;211;82;50;63;195;179;104;859
6437;Odenwaldkreis;Hessen;70869;39977;649;39328;10486;8636;6970;1717;4560;2536;540;205;710;82;249;251;773;97;44;27;13;9;107;82;111;56;31;15;106;11;64;28;30;45;52;75;47;62;25;35;48;101;81;211
6438;Offenbach;Hessen;238715;142761;1438;141323;39265;21128;34683;5217;14223;10089;2725;947;2206;196;711;940;3224;260;202;47;28;15;333;236;159;559;103;91;436;37;250;76;229;116;158;276;221;132;51;115;224;299;225;891
6439;Rheingau-Taunus-Kreis;Hessen;138642;89745;999;88746;26210;15184;20487;2926;8663;6245;1308;524;1360;103;419;426;1868;102;100;26;16;10;237;91;135;70;75;43;223;43;105;30;62;76;105;160;120;72;31;62;175;173;102;579
6440;Wetteraukreis;Hessen;225720;132001;1454;130547;35201;22655;30002;4621;13745;8570;2779;876;2190;650;671;822;2969;259;122;45;17;17;356;225;202;183;108;59;386;29;201;63;109;145;143;232;172;113;45;111;202;294;216;742
6531;Gießen;Hessen;200804;115467;1080;114387;26627;21074;28522;5780;11064;6068;2665;673;1689;231;442;1074;3910;182;65;99;63;21;259;144;310;167;100;74;477;23;138;53;91;76;143;157;154;107;50;128;341;198;170;778
6532;Lahn-Dill-Kreis;Hessen;189854;99764;1132;98632;28512;19965;17590;3401;11847;5419;2062;513;1499;343;547;969;2329;179;118;49;32;11;245;173;483;214;66;56;202;24;144;56;67;57;118;157;105;94;26;45;130;226;135;424
6533;Limburg-Weilburg;Hessen;128963;71281;751;70530;22646;13003;12937;2140;7821;4514;1430;319;1233;139;378;302;1385;93;56;31;14;11;178;90;106;82;55;34;112;59;96;44;56;45;75;143;90;50;29;54;91;146;134;309
6534;Marburg-Biedenkopf;Hessen;183183;104240;702;103538;25203;20696;24425;6119;9620;5267;1365;634;1484;142;485;956;2998;140;110;60;26;20;194;118;267;119;105;32;515;18;137;54;71;58;117;126;114;115;37;244;292;132;114;809
6535;Vogelsbergkreis;Hessen;84549;47658;648;47010;13725;9893;7797;1658;5823;2903;1182;193;691;166;261;398;805;93;51;12;9;8;140;83;83;18;49;17;71;26;66;22;49;48;70;75;50;54;9;41;44;101;84;142
6611;Kassel, documenta-Stadt;Hessen;140438;77669;679;76990;13392;14868;23724;6189;5747;3523;821;651;1046;90;248;616;2773;88;40;55;68;11;157;86;139;188;159;33;460;10;116;36;69;62;79;102;87;83;31;135;165;122;78;643
6631;Fulda;Hessen;169731;96971;1027;95944;36746;10860;16886;2891;12300;6244;1618;459;1207;239;586;843;2046;174;130;20;10;10;217;116;224;48;70;44;175;22;140;40;79;70;122;154;103;87;38;57;138;170;153;408
6632;Hersfeld-Rotenburg;Hessen;93170;51374;671;50703;13214;13717;7641;1786;6719;2670;958;250;666;194;285;253;814;78;51;7;8;5;157;81;183;25;38;29;66;10;77;28;24;43;53;79;45;40;8;14;34;124;79;150
6633;Kassel;Hessen;188535;106557;1497;105060;24050;30061;21314;4214;10021;5346;1731;563;1586;148;563;376;1817;189;64;17;46;18;312;164;131;78;93;59;186;21;165;39;85;83;107;188;115;94;31;64;118;235;150;418
6634;Schwalm-Eder-Kreis;Hessen;142375;79761;1124;78637;18397;20751;14746;2550;8703;4574;2511;427;1182;182;441;269;1490;151;61;28;14;17;225;104;171;36;63;34;105;10;119;71;52;79;96;117;75;64;26;34;83;183;149;247
6635;Waldeck-Frankenberg;Hessen;122990;64274;668;63606;18497;13980;12282;2063;6480;4287;1188;293;898;130;348;266;1031;117;52;29;10;7;154;106;124;30;48;23;114;12;95;27;43;49;88;87;67;53;11;36;78;114;90;199
6636;Werra-Meißner-Kreis;Hessen;80896;45007;661;44346;11238;11662;7787;1853;4720;2272;1241;173;635;78;217;240;799;81;29;29;13;13;115;71;56;10;60;39;117;11;46;12;32;48;65;49;48;38;7;72;50;96;70;154
7111;Koblenz, kreisfreie Stadt;Rheinland-Pfalz;83969;51030;558;50472;14597;9023;12104;1997;3736;2842;1261;354;535;37;195;293;1793;48;50;7;11;7;81;81;54;32;36;23;186;5;29;12;36;34;69;71;64;39;29;55;112;76;41;417
7131;Ahrweiler;Rheinland-Pfalz;101130;66754;914;65840;24456;10771;11929;1709;5224;4509;1884;350;889;109;343;413;1160;106;98;13;8;7;148;109;51;90;56;30;129;10;79;44;49;41;78;120;93;36;16;37;78;156;73;339
7132;Altenkirchen (Westerwald);Rheinland-Pfalz;100084;60894;954;59940;21117;13102;8148;1853;5820;3693;1312;286;861;98;451;328;923;147;68;21;17;6;184;97;259;39;54;28;95;18;81;18;35;47;47;89;70;43;24;34;69;134;56;168
7133;Bad Kreuznach;Rheinland-Pfalz;120062;76580;1391;75189;22463;17851;11872;2336;7704;4827;1823;410;1208;102;510;416;1185;132;90;23;9;10;219;132;121;82;79;36;136;23;93;36;64;63;82;117;78;59;19;50;92;196;113;328
7134;Birkenfeld;Rheinland-Pfalz;63968;37438;846;36592;11168;9765;4237;1169;3964;2421;745;216;602;73;287;157;586;72;48;10;5;5;136;76;40;8;22;20;51;11;57;17;22;45;45;79;42;34;11;26;35;97;68;120
7135;Cochem-Zell;Rheinland-Pfalz;48695;33513;791;32722;13926;6153;4130;717;2504;2108;770;160;435;47;223;146;510;49;34;7;4;2;72;64;45;4;29;14;32;1;29;16;21;27;41;51;37;27;12;16;28;63;46;122
7137;Mayen-Koblenz;Rheinland-Pfalz;166494;103594;1666;101928;36736;20891;16503;2578;8675;5955;2598;587;1400;125;553;441;2035;165;102;15;9;7;217;187;151;66;60;48;157;14;103;43;71;80;110;159;109;68;33;53;102;213;97;412
7138;Neuwied;Rheinland-Pfalz;138266;85586;1242;84344;27819;17876;14057;2604;7703;5113;2054;448;1302;119;519;329;1527;157;93;13;9;4;225;156;250;80;80;48;148;24;116;38;81;66;95;154;74;63;27;36;106;221;108;402
7140;Rhein-Hunsrück-Kreis;Rheinland-Pfalz;80641;55654;1045;54609;19037;11940;7577;1571;4790;3840;1489;311;799;67;298;342;897;96;41;10;8;0;141;103;102;32;43;28;79;9;73;24;27;50;66;112;57;58;15;19;68;124;74;192
7141;Rhein-Lahn-Kreis;Rheinland-Pfalz;94897;62501;1162;61339;17516;15515;9513;1792;5778;3608;2249;332;1008;113;445;226;1301;97;80;17;11;4;180;122;67;33;52;30;117;14;80;37;60;53;69;96;64;58;19;35;73;160;94;221
7143;Westerwaldkreis;Rheinland-Pfalz;154470;100984;1824;99160;36475;18474;14422;2838;9443;6458;2899;525;1540;166;636;433;1770;158;107;17;16;4;293;187;202;118;83;35;139;39;123;38;75;82;120;161;102;68;37;45;102;255;122;353
7211;Trier, kreisfreie Stadt;Rheinland-Pfalz;80431;48513;495;48018;11402;10828;12327;2432;3223;2416;517;319;590;48;143;325;1756;60;24;36;11;7;80;74;38;30;45;21;229;1;40;15;25;32;51;60;53;31;25;51;155;75;33;390
7231;Bernkastel-Wittlich;Rheinland-Pfalz;86064;56250;1394;54856;20367;11559;7377;1522;4197;3691;1741;236;785;76;374;449;840;121;44;10;7;1;163;99;40;75;42;17;78;15;68;26;34;65;78;97;42;38;15;21;50;142;82;172
7232;Eifelkreis Bitburg-Prüm;Rheinland-Pfalz;72180;50036;1218;48818;18773;10433;6823;1251;3355;2872;1767;195;714;61;320;282;641;97;38;8;7;7;137;86;43;12;27;13;51;9;60;13;32;41;55;73;41;48;9;21;38;119;83;163
7233;Vulkaneifel;Rheinland-Pfalz;48002;30756;673;30083;12509;5869;3897;862;2180;1895;658;128;431;40;181;187;453;44;19;6;3;1;89;55;18;8;25;12;33;6;30;11;23;27;23;44;22;27;3;12;20;77;46;109
7235;Trier-Saarburg;Rheinland-Pfalz;112648;79046;1456;77590;26439;20642;11493;2158;5364;3493;2566;345;1019;112;410;277;1168;122;66;27;9;5;187;153;55;32;62;35;99;13;77;34;40;65;76;130;73;69;20;41;80;177;107;250
7311;Frankenthal (Pfalz), kreisfreie Stadt;Rheinland-Pfalz;33348;19033;342;18691;5987;3656;2862;658;2533;988;458;112;252;35;128;59;317;34;22;4;5;2;44;37;58;53;18;8;27;12;17;7;11;14;30;25;21;9;7;12;26;36;19;88
7312;Kaiserslautern, kreisfreie Stadt;Rheinland-Pfalz;71405;38987;556;38431;8614;8256;7567;1671;4622;2148;896;408;637;77;228;206;1420;66;42;12;7;8;124;72;64;27;39;18;132;49;50;30;46;22;57;71;45;35;9;31;129;91;71;334
7313;Landau in der Pfalz, kreisfreie Stadt;Rheinland-Pfalz;36257;24118;268;23850;6078;4126;6626;993;1875;1097;537;120;355;31;125;143;790;36;18;18;5;1;59;43;56;16;24;6;94;9;43;5;11;22;33;29;30;36;8;15;52;58;35;192
7314;Ludwigshafen am Rhein, kreisfreie Stadt;Rheinland-Pfalz;102451;55382;1145;54237;12921;12702;8990;2150;7684;2731;1176;447;868;158;314;208;1211;104;52;12;34;6;131;102;92;596;59;34;134;37;97;36;42;46;71;115;123;63;15;34;86;153;81;322
7315;Mainz, kreisfreie Stadt;Rheinland-Pfalz;150251;102415;898;101517;23371;18047;29557;4528;5966;5429;1061;1072;995;48;273;2019;3993;80;82;44;35;8;134;94;94;485;105;50;645;13;74;26;56;44;100;124;100;59;74;128;365;126;89;1924
7316;Neustadt an der Weinstraße, kreisfreie Stadt;Rheinland-Pfalz;40621;26536;318;26218;7822;4433;5350;665;2611;1555;1509;147;269;38;141;159;535;34;22;9;2;2;67;50;85;14;33;12;61;15;31;13;16;26;23;42;44;23;13;23;35;65;31;193
7317;Pirmasens, kreisfreie Stadt;Rheinland-Pfalz;30963;15443;385;15058;4945;3352;1414;517;2245;779;293;96;279;122;84;46;401;26;22;1;3;4;51;39;19;5;7;3;15;3;17;2;8;17;14;32;18;11;2;5;21;80;31;29
7318;Speyer, kreisfreie Stadt;Rheinland-Pfalz;36237;21947;274;21673;5842;4532;4784;802;2278;1039;312;109;326;22;113;129;516;18;19;5;3;0;55;43;69;12;30;11;57;6;37;18;14;24;37;49;30;16;9;25;35;54;34;159
7319;Worms, kreisfreie Stadt;Rheinland-Pfalz;58082;32205;547;31658;8879;7313;5302;890;3941;1611;767;188;507;63;183;140;681;64;41;8;6;1;84;79;43;41;37;10;69;6;44;19;22;34;49;51;40;36;6;19;55;78;53;198
7320;Zweibrücken, kreisfreie Stadt;Rheinland-Pfalz;25997;13735;260;13475;3599;3533;1864;541;1583;627;368;97;258;35;85;80;327;26;14;3;1;2;50;34;10;3;18;6;20;2;24;13;5;25;16;21;10;7;4;7;22;45;20;70
7331;Alzey-Worms;Rheinland-Pfalz;98159;66764;1400;65364;17458;15783;9925;1679;8168;4101;2114;416;1069;190;484;399;1112;139;91;15;12;4;234;146;133;60;59;28;134;22;80;50;46;74;93;106;84;45;26;42;84;220;137;302
7332;Bad Dürkheim;Rheinland-Pfalz;104795;73281;1087;72194;21501;14734;11909;1755;8223;4598;3102;368;1104;143;460;309;1174;125;57;9;10;3;236;162;153;88;72;29;125;59;93;37;45;64;84;121;97;60;26;39;110;202;126;582
7333;Donnersbergkreis;Rheinland-Pfalz;58275;38700;755;37945;9733;9652;4925;1148;4742;2183;1833;258;730;152;314;181;606;108;62;2;3;3;134;88;68;54;48;26;54;12;69;25;29;39;73;95;37;47;5;34;46;134;67;126
7334;Germersheim;Rheinland-Pfalz;94398;62054;1065;60989;19420;11665;8534;1532;8686;3632;1932;320;1040;147;395;361;1160;139;63;13;18;2;187;131;79;129;56;26;109;25;74;34;33;66;85;82;69;72;16;27;89;169;114;258
7335;Kaiserslautern;Rheinland-Pfalz;81200;54712;1293;53419;16430;12224;6370;1659;6906;2379;2654;319;1046;160;400;176;904;99;56;6;6;4;175;153;113;13;46;15;35;36;69;24;33;56;87;107;41;55;14;15;62;174;107;191
7336;Kusel;Rheinland-Pfalz;56626;37704;957;36747;9392;10245;4082;1287;4989;1606;1789;185;733;132;331;126;666;75;32;7;9;5;129;96;47;6;25;19;19;22;61;23;17;46;51;70;26;30;10;20;38;126;64;111
7337;Südliche Weinstraße;Rheinland-Pfalz;87144;62276;1193;61083;20583;11556;10081;1473;6541;3370;2341;277;934;114;395;272;999;131;59;21;9;6;212;132;96;15;62;21;112;22;91;28;48;68;96;94;68;53;20;48;78;185;99;273
7338;Rhein-Pfalz-Kreis;Rheinland-Pfalz;117009;80643;1143;79500;24852;16039;13142;1896;9531;4847;2165;432;1210;164;528;350;1404;147;123;18;16;4;254;158;156;107;55;40;151;56;119;49;51;60;122;160;101;64;22;31;106;252;133;385
7339;Mainz-Bingen;Rheinland-Pfalz;158766;112389;1540;110849;32372;23494;22665;3257;9302;6796;2588;757;1601;118;609;1190;2390;150;112;21;18;11;296;179;122;122;86;44;285;40;105;47;58;84;122;161;127;88;41;69;190;225;133;774
7340;Südwestpfalz;Rheinland-Pfalz;78708;55977;1498;54479;19236;11152;5385;1360;6785;3202;2024;311;1066;202;495;219;1038;114;94;10;15;3;246;144;88;8;39;27;72;12;87;41;35;83;83;121;51;62;11;16;37;225;118;162
8111;Stuttgart, Landeshauptstadt;Baden-Württemberg;380985;255299;2186;253113;60326;34210;71882;12899;18854;20724;5619;2798;2558;189;588;2747;8187;223;191;122;285;44;415;270;525;1050;297;122;1798;29;194;79;104;104;350;229;316;180;139;326;536;516;174;2914
8115;Böblingen;Baden-Württemberg;262708;173929;2635;171294;53642;22182;37294;4509;17561;13519;7807;1243;1666;251;717;1774;3082;194;227;29;121;25;304;193;794;363;137;73;526;27;200;82;85;53;225;204;250;136;73;69;280;312;187;878
8116;Esslingen;Baden-Württemberg;368113;242077;3630;238447;71172;32653;55214;7089;22948;17208;11072;1692;2693;281;974;2422;4514;244;313;42;160;18;560;311;836;453;206;121;839;37;255;144;117;97;329;317;343;154;88;116;348;510;269;1288
8117;Göppingen;Baden-Württemberg;178436;111671;2196;109475;33328;15222;22362;2673;13715;7590;5091;821;1422;186;510;941;1834;158;190;22;49;7;313;161;278;320;114;55;226;30;132;80;66;51;150;152;148;75;30;52;104;294;131;392
8118;Ludwigsburg;Baden-Württemberg;365969;244639;3726;240913;71184;33193;54293;7377;23899;17502;11182;1621;2742;314;1052;3045;4673;267;290;42;134;28;522;318;887;1019;181;119;655;45;289;141;111;111;319;355;330;157;97;168;303;472;268;1208
8119;Rems-Murr-Kreis;Baden-Württemberg;296118;192589;2934;189655;57657;25672;37345;5369;21810;15896;7220;1517;2433;331;946;2651;3491;261;301;40;92;14;489;328;902;446;146;90;575;29;250;131;127;94;281;234;277;145;55;151;219;479;260;901
8121;Heilbronn, Stadt;Baden-Württemberg;77185;42857;661;42196;11260;6926;8676;1643;5494;3320;1024;256;378;82;136;415;911;53;54;14;56;5;70;60;85;318;30;25;111;5;59;27;25;17;58;53;53;29;13;22;45;84;52;252
8125;Heilbronn;Baden-Württemberg;240917;155058;3448;151610;46266;21762;28143;3857;19542;11626;5556;885;1863;486;888;2321;2558;246;222;32;60;11;464;256;653;455;117;82;236;47;207;151;103;76;226;215;202;117;51;64;212;422;231;699
8126;Hohenlohekreis;Baden-Württemberg;82938;51821;872;50949;17043;6559;9912;1261;6071;4274;1405;296;576;180;362;457;741;62;84;11;16;4;132;76;264;25;39;20;93;6;65;46;37;37;76;100;52;43;19;31;79;144;82;169
8127;Schwäbisch Hall;Baden-Württemberg;143275;86841;1596;85245;26183;11965;18246;2462;9753;6405;1863;492;931;190;525;1723;1448;108;119;17;48;9;175;157;409;83;72;45;144;26;108;70;84;63;152;115;101;77;17;46;98;217;133;366
8128;Main-Tauber-Kreis;Baden-Württemberg;101414;67126;1541;65585;26023;8631;11367;1554;7055;3486;1839;360;680;138;451;1037;969;99;109;7;8;7;170;112;131;37;40;26;98;13;97;51;42;40;109;82;76;47;14;21;63;157;97;242
8135;Heidenheim;Baden-Württemberg;93726;54623;1150;53473;18579;8329;10730;1569;5469;2474;1675;321;571;101;300;738;865;78;82;61;26;5;123;90;160;39;44;21;95;19;69;43;33;28;72;73;56;34;13;29;58;140;58;203
8136;Ostalbkreis;Baden-Württemberg;229683;145474;3049;142425;54564;18964;28036;4056;14220;7735;3939;851;1541;241;749;878;2288;192;232;23;68;12;321;208;309;213;126;62;242;29;133;98;90;79;191;204;163;84;32;82;150;288;151;581
8211;Baden-Baden, Stadt;Baden-Württemberg;38487;23743;342;23401;7488;2883;6026;611;2235;1775;570;108;270;17;92;112;346;40;46;5;2;1;51;33;47;19;23;14;97;6;21;16;16;15;15;27;52;24;8;16;38;47;35;154
8212;Karlsruhe, Stadt;Baden-Württemberg;209516;135414;1401;134013;28271;18171;42421;6994;10507;8382;1560;1305;1693;134;346;1304;5233;109;83;38;122;18;262;178;510;171;162;72;904;15;116;67;80;56;148;150;214;99;91;171;485;265;124;2982
8215;Karlsruhe;Baden-Württemberg;323743;209824;4319;205505;67196;28539;42285;5240;23139;12963;6988;1219;3102;265;1104;1232;4197;291;221;40;66;27;562;340;863;291;178;113;443;30;258;184;148;134;267;302;403;195;56;111;368;635;304;1206
8216;Rastatt;Baden-Württemberg;167388;103625;2679;100946;33833;13827;20836;2450;11726;5771;4097;528;1446;137;554;526;1623;168;122;21;32;7;319;205;144;140;66;54;214;10;138;104;63;51;154;163;148;94;30;42;113;291;148;551
8221;Heidelberg, Stadt;Baden-Württemberg;100384;70400;531;69869;13010;10378;25322;3789;4303;4299;555;401;573;35;129;613;2305;41;36;30;44;5;93;65;123;57;72;29;644;9;36;12;39;26;72;42;81;43;41;110;249;89;42;2027
8222;Mannheim, Universitätsstadt;Baden-Württemberg;199916;116583;1488;115095;24961;20937;30065;5356;12286;7260;1593;752;1656;216;419;577;3869;128;112;68;76;14;329;162;175;478;105;53;539;34;132;61;77;48;149;151;151;81;54;118;235;292;123;1203
8225;Neckar-Odenwald-Kreis;Baden-Württemberg;108500;68927;1638;67289;25663;9899;10520;1600;7937;3722;2652;319;807;176;458;511;890;98;86;15;20;5;172;116;165;52;49;27;85;14;86;43;42;41;91;82;72;66;18;25;63;210;114;278
8226;Rhein-Neckar-Kreis;Baden-Württemberg;399713;263458;5438;258020;74415;40791;58981;7952;27712;16595;8590;1519;3629;594;1307;1422;5323;331;259;71;48;28;736;433;678;344;192;114;605;58;346;147;162;136;293;347;330;227;90;128;394;698;291;1704
8231;Pforzheim, Stadt;Baden-Württemberg;75907;40405;799;39606;10657;5515;6983;1433;6988;3012;874;259;796;58;237;256;783;76;84;6;24;5;122;61;154;58;37;22;124;7;48;48;27;29;69;66;79;42;13;26;70;130;62;266
8235;Calw;Baden-Württemberg;112394;71270;1241;70029;24488;8208;12377;1711;9380;5083;2186;342;979;132;461;585;1001;131;119;23;28;6;177;156;655;92;63;39;157;21;103;58;61;52;124;140;98;57;13;36;67;196;116;308
8236;Enzkreis;Baden-Württemberg;143293;93972;1656;92316;27558;12764;18348;2032;11956;7251;2916;483;1980;184;512;688;1540;119;145;13;21;12;327;188;758;83;103;63;185;19;166;98;55;55;142;148;179;79;28;36;94;332;148;508
8237;Freudenstadt;Baden-Württemberg;86402;52901;1074;51827;18652;5868;8870;1201;6572;4750;1323;288;709;102;326;450;647;81;88;8;14;5;136;106;390;48;41;35;93;12;68;29;33;32;129;81;60;52;14;28;53;145;92;196
8311;Freiburg im Breisgau, Stadt;Baden-Württemberg;157789;106341;991;105350;17110;14617;40610;6992;5580;4567;1332;627;1391;80;247;1514;3974;90;68;38;67;17;194;132;226;55;229;76;2278;16;90;43;101;42;199;104;158;105;75;316;271;185;85;1449
8315;Breisgau-Hochschwarzwald;Baden-Württemberg;190991;130032;2902;127130;39429;17093;34984;3556;9630;7695;3209;602;1983;139;673;1192;2129;210;152;24;35;12;337;249;378;66;171;74;608;18;130;71;103;79;186;202;194;117;53;109;131;306;143;658
8316;Emmendingen;Baden-Württemberg;123727;80735;1875;78860;23316;11891;20076;2199;6446;4651;2316;564;1285;73;381;1374;1451;123;96;12;16;6;238;135;164;39;99;36;259;11;111;64;80;52;118;109;110;97;29;49;103;238;105;338
8317;Ortenaukreis;Baden-Württemberg;317094;192872;4425;188447;64810;24574;42823;4346;18844;10222;7407;968;2591;234;1056;1293;2779;324;227;30;24;19;580;392;441;111;173;96;350;25;231;111;117;108;297;282;279;173;63;114;221;568;290;854
8325;Rottweil;Baden-Württemberg;102914;63551;1405;62146;23174;6911;10693;1260;7201;4738;1948;279;772;106;430;1662;812;136;95;7;7;3;173;123;182;48;32;36;125;10;87;48;34;51;100;94;88;60;17;23;66;169;96;250
8326;Schwarzwald-Baar-Kreis;Baden-Württemberg;147396;87192;1822;85370;31196;9872;17944;1963;8409;6121;2767;447;1011;249;452;598;1208;150;142;16;35;11;195;205;290;80;90;53;161;30;107;64;55;52;119;128;139;78;32;49;120;225;108;399
8327;Tuttlingen;Baden-Württemberg;95326;57775;1516;56259;21356;5825;10298;1247;6120;4531;1703;303;780;138;340;425;829;110;83;8;12;6;165;321;219;120;44;32;107;13;71;44;49;56;86;85;80;48;19;22;58;163;93;250
8335;Konstanz;Baden-Württemberg;205416;129897;2205;127692;37498;15082;36199;4360;10238;8545;3728;713;1572;141;566;1061;2865;226;174;26;20;13;290;217;340;89;168;97;479;45;157;92;102;70;194;166;248;119;64;107;203;283;129;1006
8336;Lörrach;Baden-Württemberg;161423;97238;1962;95276;26394;14848;24319;3037;8605;6029;3372;681;1267;135;477;621;1599;226;115;13;62;9;291;202;414;73;126;66;301;24;108;68;70;54;143;175;145;113;18;69;130;272;110;495
8337;Waldshut;Baden-Württemberg;119122;73429;1445;71984;25682;8851;16553;1763;6469;4223;2769;354;857;95;376;538;927;159;92;21;14;11;176;132;222;74;66;36;153;12;79;38;45;36;113;123;83;79;26;38;66;207;107;319
8415;Reutlingen;Baden-Württemberg;200223;124187;1743;122444;37279;15557;27491;3697;13140;12040;3072;706;1306;169;618;949;1923;182;181;32;58;8;292;185;613;171;109;88;282;40;126;68;71;65;141;143;254;103;51;71;209;235;133;586
8416;Tübingen;Baden-Württemberg;161993;113209;1340;111869;27289;15039;35361;5936;8198;6600;1833;750;1252;109;401;1289;2927;116;101;56;71;12;193;122;521;114;126;54;761;12;101;73;53;52;137;94;214;73;64;155;271;195;96;1048
8417;Zollernalbkreis;Baden-Württemberg;137835;82291;1797;80494;28627;9259;14376;2016;10149;6407;2519;428;1074;153;545;537;1197;128;145;13;104;9;236;156;272;109;80;42;105;16;144;70;61;65;126;114;126;86;26;49;117;339;135;334
8421;Ulm, Universitätsstadt;Baden-Württemberg;83482;53579;547;53032;13373;7492;16340;1864;3774;3286;1024;609;613;69;193;649;1553;59;95;23;60;5;94;77;112;79;68;35;259;7;70;25;39;23;65;73;86;51;21;41;148;74;66;438
8425;Alb-Donau-Kreis;Baden-Württemberg;140124;93880;1734;92146;36095;10052;18793;1772;9143;5424;3101;517;1021;207;627;935;1254;148;157;10;38;11;197;130;383;103;69;64;164;22;138;53;59;51;151;137;122;83;36;41;127;241;126;344
8426;Biberach;Baden-Württemberg;146243;93896;1839;92057;37175;8214;18917;1761;8561;5430;2977;574;987;166;652;2054;1233;158;192;10;14;5;215;149;273;72;89;56;150;25;161;67;55;66;303;158;111;110;35;53;101;201;135;392
8435;Bodenseekreis;Baden-Württemberg;158275;105625;1555;104070;34244;11611;26803;2734;8964;7113;3444;504;1132;113;474;1397;1696;151;166;17;33;6;228;178;249;84;147;51;284;15;114;53;95;53;149;148;171;127;36;70;128;245;114;729
8436;Ravensburg;Baden-Württemberg;208837;133626;2010;131616;46679;12370;33758;3357;9961;7419;4894;635;1448;150;756;3566;2136;188;214;18;41;9;251;178;352;136;153;94;296;14;132;74;104;70;188;162;164;247;44;88;153;243;133;741
8437;Sigmaringen;Baden-Württemberg;96801;61134;1299;59835;24484;5285;12274;1190;6115;3654;2121;297;756;114;366;468;725;94;85;12;10;11;166;111;123;70;53;38;97;18;77;59;45;35;81;85;74;65;10;30;85;160;75;217
9161;Ingolstadt, Stadt;Bayern;91126;48307;191;48116;18180;4212;9086;1369;5198;2170;1959;375;480;57;146;1763;1181;48;398;5;9;4;62;52;67;84;22;24;152;9;69;15;39;21;59;51;61;39;21;26;142;74;67;320
9162;München, Landeshauptstadt;Bayern;928067;607187;952;606235;163314;69366;189160;19206;36274;32116;14713;3752;6357;368;1109;21945;16139;323;2998;230;171;52;760;621;458;948;559;321;4300;80;533;156;369;271;640;688;926;393;345;688;1361;617;496;13112
9163;Rosenheim, Stadt;Bayern;41410;23741;85;23656;8477;2226;5185;575;2241;882;930;142;294;17;93;813;570;19;367;10;2;1;41;57;31;31;21;14;81;12;31;11;20;16;32;32;19;15;19;21;53;51;29;175
9171;Altötting;Bayern;82914;46337;151;46186;22899;3589;6449;859;4050;1150;2286;180;542;67;176;1323;845;69;603;5;6;4;85;70;35;21;31;22;78;16;62;25;34;34;29;61;90;34;15;32;32;71;42;165
9172;Berchtesgadener Land;Bayern;75243;43489;188;43301;20329;3178;7176;848;3801;1104;2326;143;526;63;137;1180;617;36;747;10;3;5;79;63;89;8;29;20;113;8;53;20;28;23;28;55;68;34;11;25;48;65;53;152
9173;Bad Tölz-Wolfratshausen;Bayern;93112;59005;178;58827;25114;4172;11572;1208;4547;2101;3353;245;636;38;213;2072;859;55;985;6;5;38;103;59;48;22;31;35;168;10;57;25;70;46;67;74;81;47;30;29;92;75;56;383
9174;Dachau;Bayern;105723;68840;181;68659;27851;5416;12866;1143;5770;2467;4298;365;861;74;303;3078;1189;71;910;8;24;2;108;112;67;39;29;47;221;21;94;22;54;26;57;91;77;49;27;48;104;114;91;465
9175;Ebersberg;Bayern;100417;69005;169;68836;26847;5907;15693;1289;4798;2839;3280;381;788;43;245;2462;1282;54;882;13;4;4;121;79;66;24;51;43;230;14;84;22;44;41;59;84;104;56;27;31;91;83;65;606
9176;Eichstätt;Bayern;98064;62391;172;62219;30148;4816;7698;1008;6022;1659;4075;237;614;85;209;2487;979;57;835;10;7;2;91;53;59;46;20;28;124;16;86;15;34;26;50;61;42;32;17;25;68;60;76;242
9177;Erding;Bayern;99997;63276;183;63093;26175;4116;11159;1207;5797;2017;4589;331;761;60;256;2678;1127;53;1030;9;10;7;136;85;63;34;33;32;153;12;108;21;41;41;72;70;87;36;22;28;100;101;92;344
9178;Freising;Bayern;121726;77571;261;77310;28109;5738;16737;1748;6413;2737;5650;516;925;94;275;3002;1883;73;792;17;15;15;148;89;62;143;61;54;288;22;77;28;40;49;73;127;112;49;40;42;212;103;88;664
9179;Fürstenfeldbruck;Bayern;155179;104616;328;104288;39133;9798;23606;2102;7694;4130;5550;673;1261;105;362;3603;1990;86;973;18;14;5;162;158;136;102;68;52;336;21;133;32;75;52;83;145;146;80;42;53;204;177;97;831
9180;Garmisch-Partenkirchen;Bayern;65722;41530;221;41309;19280;2514;6785;658;3532;1418;2498;114;424;47;127;1837;434;52;585;8;2;1;78;51;35;12;23;25;111;10;33;12;26;33;44;41;48;22;8;38;44;66;37;196
9181;Landsberg am Lech;Bayern;90788;60379;153;60226;23196;4363;14416;1269;4381;2118;2650;323;720;60;220;2697;1170;48;808;7;2;9;108;71;79;18;49;34;225;6;72;15;50;30;47;82;89;54;20;39;101;85;63;432
9182;Miesbach;Bayern;73529;47878;141;47737;21483;3434;8519;751;3538;1907;2788;192;556;52;138;1507;651;46;815;7;3;5;70;75;41;13;30;27;158;10;53;19;41;42;49;64;68;51;19;13;52;92;43;315
9183;Mühldorf a.Inn;Bayern;85802;48898;154;48744;23591;2845;6372;846;5008;1298;2871;203;563;59;187;1818;865;51;905;11;5;1;94;93;58;37;43;22;107;9;74;24;34;17;55;54;62;33;7;17;65;83;61;196
9184;München;Bayern;238218;168561;422;168139;63226;16816;39976;3015;11246;8665;6397;947;1993;86;482;5590;3011;111;1224;27;22;9;278;191;124;154;88;90;597;32;189;38;86;78;130;199;253;99;64;72;335;227;148;1824
9185;Neuburg-Schrobenhausen;Bayern;72036;39977;103;39874;19694;2427;4974;640;3669;962;3787;184;366;63;120;1000;628;31;471;6;4;3;53;65;25;27;17;16;55;17;38;16;33;19;37;50;37;35;11;12;63;45;45;129
9186;Pfaffenhofen a.d.Ilm;Bayern;93530;55841;163;55678;24951;4107;8225;947;5752;1790;3382;330;602;73;203;2154;898;49;805;5;12;4;85;61;41;38;33;30;122;23;86;19;31;26;46;73;54;43;21;23;79;99;71;285
9187;Rosenheim;Bayern;195791;123560;336;123224;53762;8768;22753;2020;10273;4078;6260;528;1428;123;401;4917;1715;131;2692;26;19;3;211;204;137;47;115;57;356;24;166;48;91;73;102;166;156;110;34;79;146;241;129;635
9188;Starnberg;Bayern;97203;69874;128;69746;25952;6003;18032;1224;4492;4038;2684;338;759;51;132;2253;1056;44;564;7;11;5;114;85;42;18;54;29;262;8;54;21;38;45;59;76;119;38;24;45;87;89;56;738
9189;Traunstein;Bayern;134120;79726;251;79475;35970;6081;14772;1558;6002;2035;3988;272;940;91;232;2629;1163;88;1717;9;7;4;130;97;135;18;57;40;190;13;100;24;66;57;63;83;104;61;23;42;85;123;80;326
9190;Weilheim-Schongau;Bayern;102661;65636;216;65420;26812;5273;11958;1378;4847;1992;3868;275;737;103;297;3955;1046;50;997;14;9;12;116;96;67;39;49;35;187;13;78;28;45;43;78;106;81;46;17;41;82;108;70;372
9261;Landshut, Stadt;Bayern;49256;28802;73;28729;11819;2158;5668;733;2552;1139;1224;166;394;38;86;973;606;17;267;13;11;5;45;52;30;33;19;13;113;7;28;8;27;27;25;34;31;38;9;30;39;44;34;174
9262;Passau, Stadt;Bayern;38257;22466;56;22410;9306;1932;4524;614;1824;806;402;106;255;19;58;997;494;16;201;2;0;4;26;32;26;6;20;9;78;4;21;7;15;9;14;19;35;15;9;29;36;25;19;396
9263;Straubing, Stadt;Bayern;34121;17094;72;17022;8662;1132;1982;409;1991;408;619;81;201;39;56;631;275;23;162;1;7;2;28;23;10;8;8;6;33;3;15;5;12;13;14;13;11;10;3;4;12;26;22;62
9271;Deggendorf;Bayern;91964;47125;132;46993;25300;2907;4657;735;5359;1062;2522;188;481;72;145;1211;547;51;789;7;3;4;78;62;22;26;20;17;77;18;42;31;33;25;44;35;85;18;6;20;41;72;53;128
9272;Freyung-Grafenau;Bayern;63757;31734;94;31640;18113;1842;2447;448;3627;571;1660;89;282;47;65;889;245;24;711;6;2;1;55;40;9;2;12;11;57;8;24;15;13;16;20;25;43;10;7;9;39;47;40;69
9273;Kelheim;Bayern;88551;53158;168;52990;29890;3150;5521;814;4731;1028;2382;216;570;96;126;1857;658;49;777;7;10;4;90;58;35;42;30;19;115;23;50;28;35;35;54;50;42;26;14;21;51;85;46;155
9274;Landshut;Bayern;118913;73251;180;73071;37043;3965;8644;1086;7140;1882;5926;303;862;83;238;2337;872;62;1037;9;6;3;125;75;75;27;35;34;134;18;77;28;72;36;66;63;64;47;12;28;80;128;86;263
9275;Passau;Bayern;150646;79643;196;79447;43161;5523;7714;1285;8401;1777;3573;261;896;118;284;2673;805;82;1235;5;4;1;154;104;69;17;38;22;118;37;100;28;41;52;58;70;121;50;11;30;71;120;95;243
9276;Regen;Bayern;62104;29571;74;29497;16146;1955;2303;460;3936;576;1286;114;286;34;73;819;362;30;511;2;2;2;66;39;25;2;20;5;35;33;28;10;16;23;26;20;46;15;3;12;33;46;35;62
9277;Rottal-Inn;Bayern;92036;50128;151;49977;27867;2762;5147;756;4664;1095;2556;163;548;43;140;1731;538;35;845;6;8;2;96;78;21;6;27;21;89;18;62;17;29;26;38;45;67;46;12;11;47;82;46;187
9278;Straubing-Bogen;Bayern;77829;45798;120;45678;26820;2028;3601;559;4828;810;2703;155;391;108;126;1710;454;40;589;9;3;4;56;42;16;6;19;25;54;14;58;14;14;22;32;39;22;17;6;14;49;55;53;113
9279;Dingolfing-Landau;Bayern;71333;38817;133;38684;21310;2330;3181;556;4382;910;2068;181;404;66;120;1427;430;23;588;1;2;4;65;36;30;12;21;10;38;14;33;14;29;16;25;37;34;23;9;14;28;48;42;123
9361;Amberg, Stadt;Bayern;32373;16912;69;16843;6682;2098;2690;486;1842;482;690;136;204;23;59;541;322;20;163;2;2;0;30;23;19;6;9;12;41;7;27;2;6;10;15;20;17;9;2;5;28;27;27;59
9362;Regensburg, Stadt;Bayern;106300;64366;120;64246;20570;5590;17573;2307;4576;2306;2221;515;645;38;141;2593;2237;42;389;35;10;4;90;78;56;60;62;29;609;16;68;14;58;41;70;52;87;50;31;95;176;64;63;585
9363;Weiden i.d.OPf., Stadt;Bayern;32545;17022;61;16961;6899;2214;2518;505;1818;579;709;107;182;19;68;393;289;29;174;4;4;0;46;29;9;19;14;10;52;10;18;5;14;9;22;13;15;13;5;11;28;29;26;53
9371;Amberg-Sulzbach;Bayern;81933;49440;205;49235;21847;5871;5825;955;4705;1135;3712;281;521;92;185;1578;802;51;593;10;7;1;100;76;53;9;26;22;70;13;75;16;21;38;53;45;31;35;8;18;35;103;64;153
9372;Cham;Bayern;101981;54249;140;54109;28685;2805;4479;770;6549;893;4929;187;485;79;195;1542;594;60;789;12;4;2;80;59;44;2;28;17;76;108;60;15;23;23;42;54;32;35;7;16;52;98;67;112
9373;Neumarkt i.d.OPf.;Bayern;101502;64082;236;63846;32256;3929;8850;1272;5406;1457;4343;324;635;112;249;1947;1043;57;596;15;4;3;95;81;65;34;71;22;111;39;58;25;31;29;59;50;56;33;17;22;69;102;87;192
9374;Neustadt a.d.Waldnaab;Bayern;75822;44489;157;44332;21420;5193;4386;774;4367;986;3323;183;429;93;176;1015;484;50;532;6;4;2;80;67;41;5;25;25;61;8;56;9;28;27;54;38;27;32;8;16;44;87;62;109
9375;Regensburg;Bayern;147691;92384;301;92083;43058;6510;12910;1676;8832;2118;7844;468;913;122;315;2857;1373;81;957;17;7;3;151;101;79;38;54;32;236;24;82;31;73;47;67;101;105;54;24;32;114;134;113;330
9376;Schwandorf;Bayern;114507;63738;205;63533;30278;6302;6093;1236;7420;1301;4463;275;681;150;278;1866;816;70;896;10;9;0;126;95;63;38;34;25;74;22;82;27;42;37;64;71;83;43;23;25;55;116;79;165
9377;Tirschenreuth;Bayern;58961;34685;121;34564;18086;3368;3206;548;2913;666;2839;126;349;75;117;640;507;37;394;2;4;2;76;45;49;9;23;6;33;7;39;11;22;21;23;41;21;21;6;7;30;78;45;72
9461;Bamberg, Stadt;Bayern;55702;33638;117;33521;10161;3233;9536;1371;2621;1191;1028;221;337;44;96;998;1245;20;136;9;24;2;44;43;40;14;33;16;182;16;42;9;25;22;40;34;14;20;13;44;75;47;39;436
9462;Bayreuth, Stadt;Bayern;57162;32379;72;32307;10647;3838;7628;933;2426;1715;964;184;402;32;94;891;1029;30;124;12;7;0;65;34;80;23;22;16;160;6;27;14;13;24;27;37;42;14;24;27;130;47;52;467
9463;Coburg, Stadt;Bayern;31595;17874;83;17791;5934;2509;4065;582;1352;682;457;87;208;45;69;543;628;20;63;3;13;1;30;29;25;14;16;6;52;5;30;2;11;14;20;28;15;16;7;13;30;33;25;109
9464;Hof, Stadt;Bayern;33055;16511;75;16436;6227;2348;2384;485;1926;592;635;152;202;26;58;259;454;17;86;5;3;0;44;30;111;41;12;7;34;5;33;9;12;10;22;22;10;14;9;8;26;32;22;64
9471;Bamberg;Bayern;116060;70383;196;70187;31769;5635;9497;1290;7933;2292;4438;407;809;211;390;1574;1265;93;655;14;29;5;141;104;79;13;51;45;111;85;133;37;45;60;82;92;62;53;22;40;78;115;138;295
9472;Bayreuth;Bayern;83702;50496;178;50318;22991;5612;6845;910;4269;1284;3810;195;589;83;268;982;802;65;304;11;8;2;109;88;73;15;36;42;80;29;77;23;34;25;57;56;39;39;8;31;62;115;75;175
9473;Coburg;Bayern;69832;40024;130;39894;16526;5802;5626;836;3555;1091;2431;169;490;78;166;1009;862;43;156;8;24;0;97;47;43;61;29;36;57;13;61;22;28;27;39;43;32;36;14;17;50;77;47;146
9474;Forchheim;Bayern;90647;57875;146;57729;24367;5207;9967;1252;4967;1818;4426;306;644;98;257;1359;1067;63;286;12;11;12;119;76;131;16;34;25;121;35;96;22;36;33;54;73;58;38;18;24;104;107;79;311
9475;Hof;Bayern;76879;43777;150;43627;18790;6540;4742;860;4527;1144;2976;201;584;88;179;605;843;48;207;11;8;2;98;100;246;30;38;21;53;28;59;17;28;31;32;64;37;35;13;12;45;98;74;113
9476;Kronach;Bayern;54955;31157;129;31028;14769;4644;3113;603;2896;680;1774;122;489;91;126;413;423;21;108;7;11;2;72;56;49;17;21;16;45;24;38;11;26;26;33;25;16;23;1;6;14;104;32;81
9477;Kulmbach;Bayern;58900;33828;106;33722;14217;4463;4787;675;3218;894;2309;131;426;77;119;732;627;37;168;2;3;0;67;58;76;15;27;16;70;19;39;8;29;18;36;43;26;23;10;17;27;73;52;88
9478;Lichtenfels;Bayern;53699;31007;116;30891;14664;3090;3859;573;3062;745;1835;127;415;89;152;673;638;38;192;3;4;0;62;55;49;21;16;9;36;14;72;12;24;15;26;35;21;27;8;6;32;54;45;93
9479;Wunsiedel i.Fichtelgebirge;Bayern;58033;31691;163;31528;13167;4868;3531;690;3428;789;1874;126;558;84;162;420;589;55;260;7;7;2;113;70;45;28;23;9;55;21;41;13;27;26;32;51;21;28;12;11;46;77;58;104
9561;Ansbach, Stadt;Bayern;30644;16542;68;16474;5590;1891;3383;608;1683;504;685;128;239;37;76;695;348;30;71;9;3;1;47;32;34;21;11;9;43;3;26;8;10;12;20;18;15;8;2;6;31;44;21;72
9562;Erlangen, Stadt;Bayern;77514;51553;134;51419;14135;6222;14868;2151;3041;2152;1352;586;425;54;157;2116;1953;39;138;6;27;1;58;47;86;56;42;17;286;11;61;17;33;30;50;57;57;31;24;60;205;47;53;668
9563;Fürth, Stadt;Bayern;86896;49206;255;48951;13687;6914;12143;2406;4348;1694;1280;387;684;71;210;1112;1655;60;236;33;37;4;106;93;200;65;49;25;217;24;58;21;39;47;53;73;58;43;34;51;150;99;63;422
9564;Nürnberg, Stadt;Bayern;342881;201315;665;200650;60602;25928;48463;9648;17660;6848;4904;1991;2591;383;681;5345;6883;248;638;136;99;15;354;301;386;375;187;113;869;66;250;73;164;135;263;300;243;174;97;253;481;326;287;1890
9565;Schwabach, Stadt;Bayern;30034;17954;85;17869;6428;2200;4037;520;1508;583;678;130;245;30;101;454;343;25;87;6;5;0;32;23;39;24;16;7;47;4;27;9;15;10;17;20;20;17;6;4;27;21;26;78
9571;Ansbach;Bayern;140205;83095;268;82827;35856;7498;13658;2078;6958;2248;5538;661;961;287;506;2410;1326;101;526;20;14;8;142;150;284;22;52;51;130;21;105;27;62;57;95;113;86;64;29;50;85;145;133;270
9572;Erlangen-Höchstadt;Bayern;103993;69220;260;68960;25954;7638;15263;1660;5296;2391;3925;461;711;129;281;1671;1422;47;325;5;6;2;113;77;85;40;37;40;174;24;92;27;32;39;62;84;77;31;12;34;122;99;75;397
9573;Fürth;Bayern;91862;59583;188;59395;22181;7306;12093;1557;5563;1780;2989;378;811;112;266;1179;1173;55;282;16;9;5;123;91;134;17;34;24;117;37;98;12;36;35;55;67;41;46;19;28;108;131;103;284
9574;Nürnberger Land;Bayern;130181;85009;279;84730;32412;9755;16989;2238;7087;2284;5141;690;1058;136;351;2103;1666;79;341;26;11;5;191;112;167;110;47;41;215;27;103;30;51;64;75;77;84;50;23;49;117;217;106;402
9575;Neustadt a.d.Aisch-Bad Windsheim;Bayern;77629;47484;230;47254;20168;4516;7645;1178;3787;1324;3580;308;567;163;232;1406;802;53;279;10;12;1;86;64;90;15;33;22;93;22;60;16;24;35;50;63;52;38;11;26;61;86;73;203
9576;Roth;Bayern;98021;61897;219;61678;25936;6259;11049;1404;5260;1664;3854;388;785;96;262;1485;1149;76;355;5;19;4;127;99;98;29;40;41;102;34;92;19;44;45;57;75;63;42;15;28;87;110;109;272
9577;Weißenburg-Gunzenhausen;Bayern;72142;42270;161;42109;19042;4226;6863;928;3206;960;2513;346;455;86;181;1361;630;51;268;9;8;1;66;59;108;15;36;17;61;19;49;15;36;28;31;35;29;41;10;14;34;71;56;145
9661;Aschaffenburg, Stadt;Bayern;50032;28272;144;28128;9235;3197;6549;1030;2517;1255;693;171;341;57;123;1059;817;37;87;13;25;0;45;45;15;27;22;12;102;3;47;13;30;24;34;41;28;28;15;43;58;54;45;191
9662;Schweinfurt, Stadt;Bayern;37301;18086;92;17994;6393;2512;3022;861;2078;606;583;117;201;21;65;348;484;27;109;3;20;3;43;29;31;52;15;5;45;9;22;7;10;17;20;26;22;15;3;17;29;19;19;86
9663;Würzburg, Stadt;Bayern;98961;62589;234;62355;18067;6511;19397;2427;3745;2833;1407;516;716;111;153;1527;2340;38;172;26;17;5;102;72;66;27;99;42;355;9;67;12;36;30;82;55;89;47;35;62;208;68;75;709
9671;Aschaffenburg;Bayern;133359;83226;420;82806;32619;9308;15407;1907;7486;3403;3914;460;1117;138;442;2039;1706;109;429;23;26;3;173;155;67;75;54;58;183;28;134;35;78;69;116;128;65;61;24;42;117;160;146;302
9672;Bad Kissingen;Bayern;83393;50104;181;49923;24213;4218;6868;1262;4524;1508;2722;250;638;135;225;1006;769;54;302;8;8;6;109;68;60;6;55;30;66;19;77;25;27;45;56;70;36;48;15;18;53;85;85;154
9673;Rhön-Grabfeld;Bayern;63690;37867;171;37696;18684;2999;5650;920;2849;1085;2198;175;357;80;216;547;761;43;220;9;5;3;55;67;59;9;38;19;48;19;62;10;20;25;51;46;34;29;7;21;41;53;61;121
9674;Haßberge;Bayern;68076;41428;160;41268;18973;4229;5292;978;3869;1139;2457;215;482;159;235;1226;691;49;320;12;9;2;76;53;51;4;29;15;54;32;77;21;27;39;51;41;20;25;10;16;39;65;61;125
9675;Kitzingen;Bayern;69339;42721;147;42574;17793;4202;6920;956;3447;1345;3599;218;551;110;207;981;679;44;393;7;6;3;95;68;74;16;33;29;75;18;63;15;28;31;39;51;28;37;12;30;61;56;73;181
9676;Miltenberg;Bayern;95625;57424;298;57126;23468;6451;9459;1362;4677;2085;3498;318;814;99;290;1375;1022;98;299;17;14;25;144;103;77;95;58;42;121;27;89;28;64;51;104;81;59;63;22;34;70;129;103;191
9677;Main-Spessart;Bayern;99845;63107;253;62854;27795;6999;10239;1249;4917;1679;4067;335;972;106;271;1082;1228;79;341;15;13;2;124;92;44;20;37;37;137;33;93;20;36;43;75;78;64;38;14;22;64;106;81;207
9678;Schweinfurt;Bayern;91257;57031;226;56805;26229;5416;8583;1348;5026;1728;3111;259;716;126;311;1094;990;68;389;4;15;6;122;82;77;15;33;24;73;28;81;31;48;40;65;76;52;38;11;25;61;106;94;204
9679;Würzburg;Bayern;127271;86729;344;86385;35729;9696;17730;1841;5989;3078;3933;501;1079;138;387;1791;1677;94;484;10;15;3;140;102;93;33;81;37;183;37;135;28;52;42;112;97;70;60;37;43;142;125;149;412
9761;Augsburg, Stadt;Bayern;190297;105759;379;105380;32369;10642;27010;4085;9420;3837;3389;700;1465;139;316;3463;3610;112;643;37;48;12;196;155;186;309;99;68;504;15;163;35;108;73;116;135;158;100;48;102;261;191;134;927
9762;Kaufbeuren, Stadt;Bayern;31409;16466;64;16402;6258;1422;3365;553;1676;508;797;134;194;21;51;466;301;19;140;4;3;2;31;28;29;21;20;11;48;4;17;5;11;14;13;23;22;11;5;13;29;33;20;80
9763;Kempten (Allgäu), Stadt;Bayern;48287;27480;111;27369;9026;2326;6009;805;2545;1158;2112;168;317;33;87;882;550;41;159;3;14;3;45;45;45;18;145;14;71;8;37;6;24;20;25;34;47;35;11;15;38;48;48;352
9764;Memmingen, Stadt;Bayern;29480;16907;95;16812;6238;1761;2925;451;1683;620;871;74;156;70;56;1035;267;31;120;0;4;0;26;13;52;18;15;10;20;10;28;6;9;21;17;18;16;12;4;5;23;24;26;77
9771;Aichach-Friedberg;Bayern;101054;63835;194;63641;28672;4575;10563;980;6036;1995;3509;267;726;102;228;2555;1028;66;832;8;13;3;115;71;103;28;36;26;111;10;72;32;34;31;49;62;71;49;14;38;75;105;77;274
9772;Augsburg;Bayern;175929;113603;387;113216;47360;8966;20121;2082;10520;3601;7604;593;1440;168;514;4060;1889;127;1075;19;20;12;248;165;150;110;75;57;230;21;180;40;105;84;114;130;149;73;39;53;143;243;149;487
9773;Dillingen a.d.Donau;Bayern;72685;39802;142;39660;18242;2859;5345;602;4457;1215;3221;173;416;143;203;811;540;49;436;2;8;1;68;72;61;19;23;26;57;9;61;30;30;30;47;45;34;20;9;11;44;74;50;117
9774;Günzburg;Bayern;90250;48939;160;48779;22043;3485;6919;885;5322;1528;3343;249;638;164;207;1301;861;72;476;10;5;1;106;86;60;64;51;24;64;16;74;21;36;40;64;59;62;59;8;25;61;85;68;137
9775;Neu-Ulm;Bayern;124024;69323;282;69041;26501;6626;13361;1602;6961;2955;3634;493;867;222;349;1684;1053;95;484;19;28;3;146;121;184;105;48;44;151;16;101;44;47;52;97;83;100;63;31;48;101;120;83;319
9776;Lindau (Bodensee);Bayern;60124;37128;116;37012;13871;3022;8864;1028;2454;1308;2759;142;418;29;144;1054;586;50;202;6;4;1;68;64;76;33;38;17;113;13;57;17;25;37;34;28;31;53;12;20;50;74;23;187
9777;Ostallgäu;Bayern;106148;65322;197;65125;29243;4198;11560;1282;4789;1817;5142;296;633;68;231;2251;948;79;946;7;2;3;120;110;127;16;80;35;104;11;85;26;75;38;65;78;62;60;15;29;65;113;63;253
9778;Unterallgäu;Bayern;108872;64100;185;63915;28550;3810;9316;1100;6401;2026;5071;291;613;136;260;3189;797;91;614;7;13;0;111;93;156;18;58;40;93;24;78;24;36;39;78;89;79;39;20;39;52;110;80;274
9779;Donau-Ries;Bayern;100343;59267;199;59068;29819;4771;8140;980;4828;1499;3613;249;594;108;238;1602;789;46;649;10;9;6;73;78;57;20;38;19;65;7;71;18;35;38;62;60;56;25;17;18;60;75;77;149
9780;Oberallgäu;Bayern;119411;76813;264;76549;31496;4637;14449;1251;5473;2291;9950;261;782;77;265;2003;863;76;616;11;6;0;136;114;107;26;277;39;133;11;80;24;55;49;64;98;87;71;10;41;79;123;79;339
10041;Regionalverband Saarbrücken;Saarland;243243;149549;2469;147080;41663;33217;23503;9989;13599;5780;1593;1192;2759;611;1558;1122;4612;216;71;69;93;26;552;249;61;255;167;62;462;47;223;82;116;191;254;361;135;136;58;148;246;474;223;905
10042;Merzig-Wadern;Saarland;79317;55224;1303;53921;19894;12157;6290;2988;4792;2087;534;348;967;151;565;254;1070;88;40;10;9;8;227;94;49;14;40;22;60;8;89;24;49;61;79;136;61;58;9;37;54;213;92;193
10043;Neunkirchen;Saarland;105048;68379;1535;66844;21543;16979;7216;4234;7114;2332;491;434;1396;234;857;231;1546;116;35;18;44;3;222;114;39;20;38;37;82;15;132;39;49;90;93;197;74;70;14;33;66;251;125;221
10044;Saarlouis;Saarland;153711;103633;2449;101184;34000;23986;11971;6046;9824;3627;983;773;2264;258;1161;391;2305;174;62;42;25;15;427;185;36;104;76;43;116;25;174;65;82;94;181;285;79;115;20;58;118;401;213;380
10045;Saarpfalz-Kreis;Saarland;113837;78969;1650;77319;24068;16478;11074;4265;8556;3085;1031;437;1551;199;1478;446;1901;133;67;17;18;5;271;142;75;33;72;28;152;16;131;52;47;82;125;201;75;72;30;31;80;306;138;351
10046;St. Wendel;Saarland;72330;53803;1401;52402;20727;12361;5704;2262;4170;1541;751;299;888;134;653;225;1160;68;28;7;12;9;168;72;19;8;38;9;56;13;84;31;30;58;85;127;43;54;12;21;49;178;84;164
11000;Berlin, Stadt;Berlin;2508423;1520573;13550;1507023;229251;211665;419246;179871;149172;71565;8098;12418;29695;3211;9745;8912;72830;2203;1059;2446;1015;431;4905;3129;1459;4295;2836;1197;18693;511;6867;663;1387;1614;2640;6618;1713;1931;933;4383;3408;3326;3727;17955
12051;Brandenburg an der Havel, Stadt;Brandenburg;58801;28677;501;28176;5518;5005;3885;3276;4906;1031;907;161;540;125;427;114;745;67;26;64;22;8;126;90;28;16;56;21;72;30;111;31;36;48;85;91;26;45;12;24;56;75;126;144
12052;Cottbus, Stadt;Brandenburg;78559;45065;782;44283;7180;7057;4326;5576;10901;2180;686;313;712;287;719;185;1366;127;45;118;58;6;189;141;69;21;117;46;143;36;170;46;47;57;185;161;67;84;24;65;81;185;258;249
12053;Frankfurt (Oder), Stadt;Brandenburg;44982;22987;341;22646;3817;3168;2535;4177;4697;974;317;143;306;112;327;58;724;74;22;55;43;1;82;68;26;12;60;18;82;14;78;23;16;30;88;74;30;35;12;11;36;79;129;93
12054;Potsdam, Stadt;Brandenburg;135094;86309;759;85550;10732;15230;19813;12502;9322;3698;674;580;1696;179;906;523;4229;140;54;218;87;22;302;226;87;32;181;89;679;67;243;55;88;112;227;236;114;114;59;254;180;233;236;1131
12060;Barnim;Brandenburg;151567;88862;1437;87425;14419;13264;10792;13072;17215;3294;3528;467;1674;508;1425;379;2512;210;86;267;42;27;365;286;80;27;149;91;373;68;333;113;63;122;234;309;88;120;27;136;110;342;458;350
12061;Dahme-Spreewald;Brandenburg;136834;86486;1673;84813;15192;14201;10172;9871;17603;3758;1773;481;1785;699;1757;395;1925;263;141;205;79;22;490;321;77;65;151;85;313;47;396;111;77;124;223;329;124;135;50;73;155;360;415;370
12062;Elbe-Elster;Brandenburg;86349;51947;1209;50738;11456;8034;3083;5231;12538;2322;1281;254;909;562;1306;149;750;171;74;82;44;13;291;206;70;21;100;48;91;38;176;75;67;102;161;126;57;87;18;23;46;190;300;186
12063;Havelland;Brandenburg;131241;78141;1104;77037;15158;13531;11786;7643;13797;3629;1519;422;1597;600;1334;350;1698;166;103;70;66;15;482;280;73;50;112;57;210;39;312;66;59;120;167;248;83;89;31;59;122;253;282;359
12064;Märkisch-Oderland;Brandenburg;159887;95156;1661;93495;15114;14535;10235;14383;19759;4128;1903;446;1922;548;1937;423;2318;270;127;266;70;21;539;302;78;22;199;117;347;77;435;108;71;154;290;425;139;162;29;102;128;455;535;376
12065;Oberhavel;Brandenburg;172531;105515;1620;103895;19380;18393;14380;11377;19433;4722;1995;696;2255;882;1797;483;2484;254;97;142;51;22;612;371;183;44;185;81;322;78;452;99;78;137;246;343;115;133;40;92;148;412;375;506
12066;Oberspreewald-Lausitz;Brandenburg;92584;52561;1173;51388;9839;8917;2951;5932;13596;2194;1149;262;869;609;1132;178;912;190;86;54;59;20;229;203;51;19;101;58;97;28;179;93;27;90;178;159;45;83;15;31;68;207;319;159
12067;Oder-Spree;Brandenburg;148370;87732;1604;86128;13941;14105;8455;11529;19210;3844;2315;582;1615;952;1893;448;2049;275;114;183;93;25;509;336;84;39;176;77;313;59;389;97;50;121;292;341;102;142;41;75;120;331;439;367
12068;Ostprignitz-Ruppin;Brandenburg;82698;44213;799;43414;8866;8897;4801;5508;7823;1571;985;222;660;334;795;149;700;109;48;53;38;21;220;152;35;15;67;25;123;35;145;77;30;61;118;116;29;51;7;22;45;157;176;128
12069;Potsdam-Mittelmark;Brandenburg;172791;113786;1823;111963;21747;20931;19138;11413;16463;5754;2204;705;2007;611;2057;488;2478;325;161;203;71;44;537;343;99;60;179;106;459;97;369;85;95;153;266;293;132;124;46;93;159;374;458;636
12070;Prignitz;Brandenburg;64169;35810;660;35150;7438;7455;2891;4101;6730;1554;847;169;575;220;681;77;570;103;54;44;62;14;175;115;54;13;69;43;76;20;116;65;33;62;98;67;34;39;10;22;55;115;188;96
12071;Spree-Neiße;Brandenburg;96723;59374;1262;58112;10485;9070;3683;5962;17945;2800;976;220;912;449;1214;150;930;202;99;124;53;25;333;228;60;22;115;60;93;48;207;78;46;111;199;202;62;93;18;36;65;212;337;188
12072;Teltow-Fläming;Brandenburg;135562;81356;1485;79871;14178;14256;9957;9091;15400;3473;1733;494;1927;491;1784;324;1968;255;97;134;75;32;581;360;103;35;139;81;249;69;316;85;73;136;230;270;69;101;31;76;115;356;354;373
12073;Uckermark;Brandenburg;99860;54438;1092;53346;11082;10186;4323;6983;11103;1846;1112;278;792;591;1192;141;816;187;59;99;51;18;247;163;52;22;135;68;160;96;169;63;36;89;163;125;96;75;14;40;61;177;296;140
13003;Rostock;Mecklenburg-Vorpommern;168227;101059;1386;99673;17268;16635;17632;16747;12351;3581;1044;820;1391;562;1457;447;4406;287;64;195;122;23;294;254;158;34;128;102;397;35;315;81;103;184;275;331;107;158;44;132;238;290;373;608
13004;Schwerin;Mecklenburg-Vorpommern;76049;44883;588;44295;8650;8220;6137;6604;6985;1842;726;372;556;234;533;166;1051;102;26;123;47;7;144;99;78;32;89;36;116;10;111;35;37;72;136;151;36;77;17;50;70;122;178;218
13071;Mecklenburgische Seenplatte;Mecklenburg-Vorpommern;215350;118947;2634;116313;30432;16175;9615;18013;22788;4438;1793;483;1430;1210;1967;306;1852;435;61;169;133;39;452;307;165;40;167;116;220;64;247;141;90;217;438;316;216;173;45;92;136;375;636;321
13072;Landkreis Rostock;Mecklenburg-Vorpommern;175736;107576;2113;105463;27814;16762;10752;13536;18157;4229;1760;499;1383;1143;1859;373;1654;338;66;156;89;28;445;312;394;48;155;86;212;70;253;131;92;201;362;363;110;159;24;73;115;362;552;346
13073;Vorpommern-Rügen;Mecklenburg-Vorpommern;185870;103258;2440;100818;29362;11764;9457;13477;19719;3869;1229;579;1550;870;1836;249;1773;354;51;201;70;29;457;310;141;37;158;90;218;41;229;102;82;158;352;270;90;133;37;53;110;382;579;350
13074;Nordwestmecklenburg;Mecklenburg-Vorpommern;127902;77167;1716;75451;17239;14920;9175;9755;11945;2819;841;467;967;835;1358;254;1286;228;53;109;54;18;316;197;73;22;95;61;163;26;171;102;53;134;226;248;53;108;25;79;115;248;345;268
13075;Vorpommern-Greifswald;Mecklenburg-Vorpommern;193574;111741;2546;109195;28182;13228;9952;13210;23746;4247;1415;471;2208;2341;1869;375;2147;379;68;169;67;21;475;286;172;43;212;99;261;59;239;143;73;213;371;327;134;145;35;94;185;407;682;445
13076;Ludwigslust-Parchim;Mecklenburg-Vorpommern;172045;104542;2341;102201;25893;19532;8556;13577;17503;4194;1387;487;1348;1338;1921;259;1309;318;65;134;76;23;442;272;179;28;118;87;135;31;236;117;83;188;378;331;84;131;32;72;105;412;513;307
14511;Chemnitz, Stadt;Sachsen;193089;120546;1630;118916;23863;12311;13313;16506;27973;6132;1792;744;1796;632;1539;822;4597;287;79;163;101;35;340;383;562;46;232;170;433;157;349;186;117;175;280;385;145;196;66;103;326;409;426;745
14521;Erzgebirgskreis;Sachsen;282695;182099;4652;177447;48620;13628;9430;18887;49825;7938;7598;754;2468;2334;2734;919;2794;440;222;163;88;43;652;583;1499;44;244;196;237;270;410;273;173;269;450;435;152;268;46;102;229;738;747;545
14522;Mittelsachsen;Sachsen;251899;161919;3557;158362;42228;12493;9898;16816;45052;7382;6349;736;2204;1472;2244;888;2979;376;160;144;89;23;576;472;471;58;279;146;290;203;419;168;108;268;394;406;119;212;57;94;241;578;694;576
14523;Vogtlandkreis;Sachsen;189387;115885;2578;113307;29877;11214;8187;13776;27068;5501;2894;512;2185;706;1661;820;2062;289;153;101;87;24;492;376;802;32;187;124;197;785;287;136;100;206;273;302;106;191;41;90;133;472;468;390
14524;Zwickau;Sachsen;263836;159683;3792;155891;40826;14183;11191;18833;37602;7797;5755;629;3010;1395;2088;868;3392;356;194;160;140;26;679;525;819;41;215;209;250;318;366;271;128;241;368;426;158;250;46;124;184;647;605;576
14612;Dresden, Stadt;Sachsen;428979;294298;2954;291344;54466;24530;51480;36274;57568;14680;6729;3221;3647;1375;2593;3397;13837;518;197;270;214;73;618;673;636;88;604;368;1819;156;709;266;279;372;499;801;391;395;181;689;889;723;876;4243
14625;Bautzen;Sachsen;248200;162503;4141;158362;39291;10870;8986;16217;50787;7833;5267;738;2174;1217;2829;1080;2728;541;227;147;88;33;487;509;408;65;285;257;330;118;424;260;118;322;529;477;184;281;54;92;207;597;792;513
14626;Görlitz;Sachsen;209428;132932;3287;129645;32282;8510;8215;13038;41988;4837;3637;610;2051;1186;2484;700;2464;480;182;124;74;29;575;501;490;51;286;166;284;114;450;195;109;247;382;442;166;270;33;101;181;560;730;421
14627;Meißen;Sachsen;199377;128388;2711;125677;29612;9011;9993;12324;39017;6337;3619;667;1864;1308;1932;1139;2347;343;147;102;85;21;446;410;271;60;250;171;271;85;337;200;82;207;357;442;134;209;43;112;166;429;561;566
14628;Sächsische Schweiz-Osterzgebirge;Sachsen;201686;135015;2892;132123;30799;8340;9290;12253;43474;6168;5414;626;1893;1726;1932;869;2213;395;193;128;86;19;454;445;263;48;242;169;301;112;406;244;116;250;381;402;147;247;45;101;178;518;631;605
14713;Leipzig, Stadt;Sachsen;454329;279864;3435;276429;44597;29466;55815;41349;42938;11628;4160;2207;4423;846;2666;2148;15648;553;174;309;300;84;833;750;480;107;767;452;2346;154;919;250;266;399;641;961;292;458;185;1227;860;904;835;3032
14729;Leipzig;Sachsen;213907;132167;2791;129376;34425;12919;10310;13917;32594;5959;3880;598;1999;975;2067;573;2343;340;108;127;86;31;547;417;219;48;207;185;288;113;406;267;98;204;356;440;103;204;52;111;153;563;586;558
14730;Nordsachsen;Sachsen;162384;94874;2376;92498;23747;9423;6276;10022;24682;4357;3259;445;1285;1068;1494;340;1536;254;77;92;65;29;395;279;90;31;126;108;148;126;276;163;54;143;252;291;79;127;40;64;116;412;465;262
15001;Dessau-Roßlau, Stadt;Sachsen-Anhalt;66952;36568;855;35713;8288;4400;3754;4936;7303;1789;492;162;637;240;589;117;637;131;55;44;40;19;189;195;30;24;86;41;70;31;165;63;24;57;129;120;50;64;26;39;67;185;262;163
15002;Halle (Saale), Stadt;Sachsen-Anhalt;185329;106952;1576;105376;18783;11965;17907;16455;16930;5462;1452;616;1688;324;1214;604;4718;258;141;160;155;33;416;408;159;60;254;141;767;50;399;105;85;93;249;426;197;150;78;330;332;375;506;931
15003;Magdeburg, Landeshauptstadt;Sachsen-Anhalt;188108;102810;1618;101192;19187;14518;14667;15170;16282;4633;871;645;2050;403;1328;409;4146;299;67;112;146;38;482;923;103;48;242;119;508;60;306;108;71;113;252;294;222;141;56;128;277;357;529;882
15081;Altmarkkreis Salzwedel;Sachsen-Anhalt;69387;38978;893;38085;9374;5409;3339;6261;6538;1691;488;180;510;199;772;137;703;152;55;44;44;16;178;246;46;25;73;50;91;26;121;73;42;75;143;117;62;87;29;60;42;153;280;154
15082;Anhalt-Bitterfeld;Sachsen-Anhalt;135013;71810;1918;69892;17381;8225;4537;9948;15784;3256;1678;268;1280;461;1313;158;1158;197;69;99;97;25;442;451;79;38;141;101;135;52;209;123;57;103;223;206;81;105;39;57;88;459;559;210
15083;Börde;Sachsen-Anhalt;142548;76208;1667;74541;19072;10302;5605;9456;15221;3565;1188;303;1288;469;1548;251;1428;299;118;95;77;36;473;506;83;38;154;97;157;45;222;165;66;123;292;223;83;117;30;74;105;415;464;288
15084;Burgenlandkreis;Sachsen-Anhalt;148581;82491;2148;80343;19067;8800;4927;10738;19748;3974;1499;353;1291;1023;1642;264;1379;316;158;99;98;41;475;464;109;57;168;183;153;76;238;223;67;149;288;284;132;168;45;81;93;491;702;280
15085;Harz;Sachsen-Anhalt;182756;97920;2386;95534;25449;12593;8722;13942;17109;4079;1308;416;1753;546;1672;339;1848;302;149;99;91;41;556;550;112;53;165;123;216;59;262;160;75;133;296;280;140;164;35;103;131;488;634;341
15086;Jerichower Land;Sachsen-Anhalt;75723;41481;1135;40346;10153;5601;3282;5802;7831;1951;663;152;692;207;737;90;649;130;55;42;30;17;243;290;40;26;88;39;110;30;141;74;18;53;147;123;55;62;17;43;49;203;264;147
15087;Mansfeld-Südharz;Sachsen-Anhalt;115994;62293;1756;60537;13624;7345;3195;9238;15312;3076;905;205;1019;458;1139;154;971;177;117;88;80;26;455;311;50;38;133;107;94;42;169;135;52;77;228;212;86;93;17;50;56;327;482;194
15088;Saalekreis;Sachsen-Anhalt;154510;88276;2323;85953;20518;9383;5886;11362;20915;5243;1342;362;1424;550;1654;215;1480;318;137;155;102;32;525;512;79;57;146;134;200;76;284;160;84;143;299;309;111;116;35;70;131;483;630;291
15089;Salzlandkreis;Sachsen-Anhalt;161192;80658;2206;78452;19223;9814;5326;11589;16992;4147;932;275;1535;523;1429;154;1275;257;120;89;81;44;523;628;124;47;157;80;175;56;235;155;50;122;255;266;81;111;40;48;124;519;537;314
15090;Stendal;Sachsen-Anhalt;93514;50842;1044;49798;11633;6939;4103;7542;9638;2430;785;192;802;266;1065;143;904;223;65;66;57;35;266;267;107;38;137;60;125;29;163;92;46;87;160;180;74;80;39;54;62;253;388;203
15091;Wittenberg;Sachsen-Anhalt;106738;61427;1513;59914;14788;7144;4088;7727;13074;2445;3273;264;912;551;911;134;1089;167;104;72;67;33;287;297;84;28;141;87;103;60;172;94;49;86;178;154;82;78;24;46;56;326;411;228
16051;Erfurt, Stadt;Thüringen;165664;100731;1571;99160;19563;12136;14636;15662;16668;4677;1784;983;1435;312;1051;641;4013;233;65;118;240;16;289;239;275;42;265;316;392;287;276;79;71;125;222;266;139;154;58;136;173;234;262;627
16052;Gera, Stadt;Thüringen;76771;43716;851;42865;7805;3960;3048;7419;12694;1855;667;199;556;327;557;174;1360;115;47;65;72;14;144;128;43;17;91;109;93;65;135;59;26;66;128;145;40;81;32;28;48;116;189;148
16053;Jena, Stadt;Thüringen;82364;53569;607;52962;8322;6368;10778;8312;6738;3443;633;494;636;123;419;425;2847;94;56;58;125;15;90;113;76;25;127;96;408;32;133;33;62;48;97;121;72;75;49;251;196;97;226;649
16054;Suhl, Stadt;Thüringen;30717;17351;292;17059;4240;1942;1425;3333;3146;553;533;78;215;95;199;89;301;47;30;39;33;7;60;48;27;9;51;45;35;10;42;38;22;14;27;59;29;26;4;20;26;41;72;49
16055;Weimar, Stadt;Thüringen;49921;31461;403;31058;6223;3556;6027;4675;4350;1278;328;297;455;197;331;183;1261;59;32;40;67;5;66;81;79;7;103;64;252;26;72;33;31;42;82;77;33;53;21;62;70;91;107;242
16056;Eisenach, Stadt;Thüringen;33008;19648;321;19327;3874;2435;1998;2876;3873;829;219;113;302;883;243;92;510;53;24;24;63;6;57;65;34;12;96;43;44;6;64;29;15;29;39;60;19;52;8;12;38;52;66;70
16061;Eichsfeld;Thüringen;80973;53336;947;52389;21896;4317;3850;3782;9786;2226;1516;202;498;674;848;439;642;108;57;24;37;7;91;123;58;11;70;53;58;5;112;34;36;58;96;109;39;42;14;15;44;86;180;146
16062;Nordhausen;Thüringen;69807;41089;799;40290;9332;5373;3015;6489;8992;1799;509;160;619;414;614;151;745;126;32;41;106;10;145;138;66;11;193;67;65;24;119;41;22;56;116;110;28;58;2;22;33;135;173;139
16063;Wartburgkreis;Thüringen;98890;61889;1352;60537;16902;6564;3966;7787;13890;2320;2347;248;781;1042;872;206;933;149;71;49;128;13;166;190;70;10;137;119;84;23;143;79;50;61;162;129;32;89;15;40;62;189;234;185
16064;Unstrut-Hainich-Kreis;Thüringen;84332;50208;1100;49108;13179;5844;3402;6073;11351;2199;1831;214;656;324;819;186;792;126;66;48;85;18;137;181;47;14;112;98;68;25;124;55;44;68;116;130;32;76;13;17;47;152;190;149
16065;Kyffhäuserkreis;Thüringen;63071;37494;1048;36446;8740;4903;1707;5896;8471;1340;919;173;556;751;547;120;502;110;48;43;59;9;151;131;31;18;84;87;42;15;104;53;29;67;89;86;33;65;4;24;46;153;142;98
16066;Schmalkalden-Meiningen;Thüringen;104428;63880;1457;62423;16264;8279;4357;8220;13894;2463;1787;333;885;498;984;245;1064;177;102;72;109;12;191;208;157;21;109;177;122;29;170;127;54;82;172;149;70;111;18;50;74;185;227;175
16067;Gotha;Thüringen;107910;64606;1417;63189;15259;8949;4762;7840;14384;2462;1721;437;890;644;928;255;1378;169;71;47;112;21;229;183;92;24;129;156;106;93;188;110;53;94;187;165;73;110;28;48;78;248;237;229
16068;Sömmerda;Thüringen;57456;35260;838;34422;9593;3093;2087;4687;8493;1501;759;174;529;443;601;110;631;104;39;34;61;9;114;118;25;22;84;90;42;36;107;59;26;64;87;91;26;54;14;16;40;137;120;102
16069;Hildburghausen;Thüringen;52470;33915;721;33194;8526;3325;1855;4659;8030;1080;1673;161;445;303;554;243;593;113;76;60;56;10;105;123;46;10;48;89;40;29;99;76;43;43;112;69;35;65;18;24;25;111;115;107
16070;Ilm-Kreis;Thüringen;85619;54320;1128;53192;12000;5425;4466;7264;13420;2228;1400;352;794;376;781;235;1519;162;53;44;120;6;163;177;77;19;151;180;117;54;158;87;56;78;156;164;70;100;29;31;91;201;170;218
16071;Weimarer Land;Thüringen;66272;43811;960;42851;11837;3720;3236;4958;10449;1958;1370;227;641;521;691;144;823;130;54;37;72;6;143;125;53;18;101;89;77;58;163;68;37;63;120;151;64;55;18;41;80;162;144;147
16072;Sonneberg;Thüringen;48378;27809;526;27283;7146;2596;1696;4045;7206;889;407;110;389;267;316;234;583;54;71;36;96;11;124;75;42;8;46;52;41;30;94;42;30;51;71;65;19;34;3;16;33;110;73;72
16073;Saalfeld-Rudolstadt;Thüringen;88180;53882;1035;52847;12180;5596;3328;6817;14592;2422;1355;274;779;485;819;217;1175;193;55;58;132;9;187;171;62;29;101;127;91;67;178;89;53;99;160;153;70;112;15;34;49;173;180;161
16074;Saale-Holzland-Kreis;Thüringen;68289;45156;1058;44098;11365;3966;3183;6282;10209;2311;1004;228;798;327;799;208;875;175;86;48;92;11;153;137;62;33;119;108;94;59;135;87;28;70;133;113;59;112;20;44;67;134;185;179
16075;Saale-Orla-Kreis;Thüringen;67022;42523;895;41628;10429;3791;2253;5713;11262;1946;1137;185;605;297;824;216;718;122;73;60;76;5;161;101;90;13;84;98;67;53;134;79;52;68;136;125;47;77;19;29;36;140;162;145
16076;Greiz;Thüringen;82940;53220;1153;52067;14559;4859;3031;6427;13297;2288;999;251;866;375;978;195;936;152;112;47;80;10;216;175;120;26;147;128;95;63;163;88;46;104;166;158;80;104;25;33;50;193;254;171
16077;Altenburger Land;Thüringen;75863;42953;1052;41901;10674;4582;2298;5664;11371;1641;587;185;678;325;751;135;703;133;51;51;67;15;163;128;91;17;73;85;57;68;138;112;36;68;149;140;58;69;13;33;44;177;151;120