kreisnr;kreisname;bundesland;einwohner;junge;alte;einkommen;wahlberechtigte;waehler;ungueltige;gueltige;Union;SPD;Gruene;Linke;AFD;FDP;DIEM25;Volt
1001;Flensburg, Stadt;Schleswig-Holstein;88500;27.3;25.8;18481;70429;39695;285;39410;6829;5676;14604;2349;2477;1987;222;285
1002;Kiel, Landeshauptstadt;Schleswig-Holstein;247900;29.1;23.8;18810;186180;109613;580;109033;18313;17912;40326;6492;6458;5271;675;1137
1003;Lübeck, Hansestadt;Schleswig-Holstein;216300;21.5;29.3;19575;166530;90946;461;90485;18416;17566;28633;4231;6773;4174;332;935
1004;Neumünster, Stadt;Schleswig-Holstein;79300;20.5;28.7;18922;60225;29036;231;28805;7039;5286;7809;1041;2761;1539;62;114
1051;Dithmarschen;Schleswig-Holstein;133400;17.9;31.5;21571;107045;58286;517;57769;17955;10294;12121;2002;5121;4498;100;185
1053;Herzogtum Lauenburg;Schleswig-Holstein;196100;17.1;28.6;22961;152726;91918;623;91295;24912;15942;23552;3168;8356;5774;196;505
1054;Nordfriesland;Schleswig-Holstein;165500;18.6;30.6;24384;131876;77706;518;77188;23443;12566;22580;2449;4373;4432;146;337
1055;Ostholstein;Schleswig-Holstein;200600;15.5;34.6;22569;165528;97929;742;97187;28575;18497;24639;2822;7844;6007;182;356
1056;Pinneberg;Schleswig-Holstein;312700;17.9;28.2;24124;239301;150902;1060;149842;39174;26017;43304;5485;11685;9475;453;794
1057;Plön;Schleswig-Holstein;128800;15.5;32.7;22362;104848;66944;443;66501;18150;11683;19797;2067;4846;3618;141;291
1058;Rendsburg-Eckernförde;Schleswig-Holstein;273000;16.7;29.9;23135;218466;136614;797;135817;38936;22593;39806;4221;9206;7544;328;531
1059;Schleswig-Flensburg;Schleswig-Holstein;199500;17.1;30.3;21871;159623;95584;683;94901;27527;15339;28886;3123;5704;4739;170;408
1060;Segeberg;Schleswig-Holstein;274000;18;27.9;22953;212746;126634;816;125818;34078;21105;33886;4597;10296;8446;308;653
1061;Steinburg;Schleswig-Holstein;131600;17.8;29.1;21119;104587;60584;469;60115;17289;9846;16148;2159;4674;3681;98;287
1062;Stormarn;Schleswig-Holstein;242500;16.2;29.2;25006;187460;124544;763;123781;33153;20093;36317;4178;9845;8519;304;716
2000;Hamburg, Freie und Hansestadt;Hamburg;1830600;24.4;23.4;24421;1302539;803117;9936;793181;140023;157023;247147;55171;51381;44292;6337;9411
3101;Braunschweig, Stadt;Niedersachsen;248000;25.1;26.8;21419;190414;122201;589;121612;27463;24206;34112;5763;8327;6279;565;1612
3102;Salzgitter, Stadt;Niedersachsen;104500;20;29.2;19585;72737;37225;406;36819;9267;9457;5440;1759;5519;1538;50;144
3103;Wolfsburg, Stadt;Niedersachsen;123900;21.3;28.4;24083;89191;50390;324;50066;14495;12056;8970;1811;5105;2482;102;217
3151;Gifhorn;Niedersachsen;175100;18.5;26.5;23101;136223;82780;516;82264;26024;17358;15740;2628;8047;3943;181;355
3153;Goslar;Niedersachsen;137600;18.2;34.2;20269;107480;62887;512;62375;17944;15234;10752;2448;6408;3051;133;310
3154;Helmstedt;Niedersachsen;91700;17.8;30.4;22604;73182;42754;326;42428;13022;10514;6885;1470;3895;2101;91;167
3155;Northeim;Niedersachsen;133000;17;32.6;21284;107549;60359;368;59991;16764;16429;11405;1930;4877;2959;110;237
3157;Peine;Niedersachsen;133400;17.7;27.9;21203;103605;64184;422;63762;16991;16667;12304;2229;5936;2930;128;322
3158;Wolfenbüttel;Niedersachsen;120400;17.8;30.3;21556;96324;62079;430;61649;17029;14372;13082;2185;5510;3037;128;328
3159;Göttingen;Niedersachsen;328000;22.6;28.9;20264;253353;152704;767;151937;38909;33883;38408;6650;10309;6862;831;1351
3241;Region Hannover;Niedersachsen;1152700;21.4;27.1;20977;844666;540344;2944;537400;132329;112036;140556;23978;43420;26320;2135;3614
3251;Diepholz;Niedersachsen;216000;17.9;28.8;22469;169375;105411;748;104663;33708;21150;22483;3539;7849;6574;196;425
3252;Hameln-Pyrmont;Niedersachsen;148300;17.2;32.5;21292;116288;67945;414;67531;19200;15754;13908;2609;6648;3180;141;279
3254;Hildesheim;Niedersachsen;276600;19.5;29.9;20609;217018;135480;663;134817;37713;31123;30585;5024;11272;6048;307;626
3255;Holzminden;Niedersachsen;71100;17.7;33.3;20573;55950;33503;372;33131;9913;9336;5508;924;2759;1902;43;100
3256;Nienburg (Weser);Niedersachsen;121500;18.3;29;20356;94437;53563;379;53184;17382;11551;10759;1657;4600;2553;116;203
3257;Schaumburg;Niedersachsen;157900;17.3;31.2;21404;124384;72988;404;72584;20075;17481;15793;2296;6544;3234;150;305
3351;Celle;Niedersachsen;178800;18.2;30;20291;139071;83717;506;83211;26926;15018;16505;2702;9092;4657;186;355
3352;Cuxhaven;Niedersachsen;198100;16.7;32.1;21012;158210;97904;864;97040;36576;19954;17488;3275;7844;3709;139;354
3353;Harburg;Niedersachsen;251500;17;28.4;24798;199955;133026;919;132107;38087;21525;34668;4400;11360;7935;408;771
3354;Lüchow-Dannenberg;Niedersachsen;48400;15.2;35.2;19529;39160;23088;149;22939;6175;3915;6558;1269;1710;896;107;91
3355;Lüneburg;Niedersachsen;182900;20.5;25.9;20583;142504;95387;672;94715;23611;17588;27045;4528;7150;3914;393;873
3356;Osterholz;Niedersachsen;113100;16.4;29.9;21846;90731;56841;343;56498;16078;11602;13752;2713;4550;2697;155;251
3357;Rotenburg (Wümme);Niedersachsen;163400;19.2;27.4;21472;129081;80401;465;79936;28223;14465;17219;2641;5814;4220;158;322
3358;Heidekreis;Niedersachsen;139100;19;28.9;20183;108608;64394;478;63916;19902;14187;12856;1987;5767;3241;117;245
3359;Stade;Niedersachsen;201900;19.1;27.5;21968;157508;98134;659;97475;30775;18485;22222;3434;8244;4719;212;621
3360;Uelzen;Niedersachsen;92700;17.3;32.1;20387;74973;46288;376;45912;15072;9168;9500;1549;4037;2348;87;235
3361;Verden;Niedersachsen;136600;18.3;28.7;23066;105973;68052;503;67549;20585;14108;15917;2396;5242;3131;157;290
3401;Delmenhorst, Stadt;Niedersachsen;77500;20.4;28.2;18845;56279;29611;259;29352;7315;6500;5907;1434;3480;1403;58;128
3402;Emden, Stadt;Niedersachsen;50600;22.8;27;18593;37967;22899;337;22562;4185;6539;4874;1282;2133;1102;38;103
3403;Oldenburg (Oldenburg), Stadt;Niedersachsen;167100;26;24.7;19244;129795;84195;388;83807;16001;14414;29937;5395;4384;3881;399;593
3404;Osnabrück, Stadt;Niedersachsen;164400;28.8;24.1;20445;123607;79196;432;78764;18652;13954;26198;4177;3781;3757;311;678
3405;Wilhelmshaven, Stadt;Niedersachsen;76300;21.9;32.5;18047;61706;32938;323;32615;8499;8468;6413;1230;3020;1431;90;218
3451;Ammerland;Niedersachsen;123400;17.7;29.2;21515;97565;63245;467;62778;19144;12394;14779;2164;4417;3765;97;285
3452;Aurich;Niedersachsen;189900;18.6;29.3;19701;153372;92397;1394;91003;22118;25993;17672;3462;8280;4380;152;385
3453;Cloppenburg;Niedersachsen;167900;22.4;22.1;19820;120227;66148;408;65740;31382;8880;10263;1797;4903;3639;53;232
3454;Emsland;Niedersachsen;323600;20.9;25.1;20469;239069;149737;1063;148674;73233;21925;24398;3601;8089;7576;163;551
3455;Friesland;Niedersachsen;98500;16.8;32.6;20242;81384;50536;555;49981;13851;12569;10287;1705;3873;2663;93;220
3456;Grafschaft Bentheim;Niedersachsen;135900;19.5;26.9;19439;97968;65791;459;65332;25492;15484;12065;1724;3088;3062;76;196
3457;Leer;Niedersachsen;168900;19.7;27.6;18614;131488;73354;640;72714;19689;18558;14554;2683;6572;3381;129;383
3458;Oldenburg;Niedersachsen;129900;17.9;27.4;22378;101026;63567;288;63279;18017;11426;16005;2323;4914;4327;132;279
3459;Osnabrück;Niedersachsen;356100;19.1;27;21923;272850;171096;1148;169948;61369;33787;38160;5295;9556;8455;299;646
3460;Vechta;Niedersachsen;140500;23.1;21.6;21502;101152;65089;371;64718;31666;7671;11755;1522;3924;3733;77;259
3461;Wesermarsch;Niedersachsen;89000;18.1;30.2;20760;69579;37953;297;37656;10539;8825;8152;1446;2973;1993;68;144
3462;Wittmund;Niedersachsen;56700;17.6;31.3;20270;46175;24414;231;24183;7688;5601;4547;748;2118;1208;42;85
4011;Bremen, Stadt;Bremen;568000;23.4;26.8;21327;390010;253272;2838;250434;54940;60493;58633;20161;17995;11517;1218;1839
4012;Bremerhaven, Stadt;Bremen;113000;21.2;28.4;17741;80171;41789;799;40990;8874;10771;7446;2786;4473;2105;87;174
5111;Düsseldorf, Stadt;Nordrhein-Westfalen;617300;23.4;24.9;24882;414525;263187;1451;261736;64587;39877;76394;12587;18079;22172;1334;3014
5112;Duisburg, Stadt;Nordrhein-Westfalen;498100;21.7;26.6;16881;325373;162889;1546;161343;32105;39557;31532;9319;19359;8447;422;1045
5113;Essen, Stadt;Nordrhein-Westfalen;583400;22.2;27.8;20159;416106;246269;1877;244392;57242;51163;55645;11303;26304;15744;713;1513
5114;Krefeld, Stadt;Nordrhein-Westfalen;226700;20.1;28.4;21115;162064;93881;775;93106;24918;17017;22803;4388;7246;7041;313;586
5116;Mönchengladbach, Stadt;Nordrhein-Westfalen;262200;21.3;27.3;20656;188522;103412;1042;102370;30600;16469;23257;4514;8868;7215;243;580
5117;Mülheim an der Ruhr, Stadt;Nordrhein-Westfalen;171300;18.9;30.3;23091;123207;77172;575;76597;18299;16229;17594;3243;7396;5832;196;437
5119;Oberhausen, Stadt;Nordrhein-Westfalen;211400;20.2;28.7;18181;150624;82901;851;82050;18091;20422;15337;4109;10010;4335;188;433
5120;Remscheid, Stadt;Nordrhein-Westfalen;110600;18.9;28.7;22413;77129;43470;455;43015;11733;8290;9224;1910;4254;2932;67;189
5122;Solingen, Klingenstadt;Nordrhein-Westfalen;158800;19.5;27.7;23357;112713;64710;526;64184;16506;11310;15870;3090;5869;4623;139;375
5124;Wuppertal, Stadt;Nordrhein-Westfalen;353600;21.7;26.9;20759;238998;140582;1097;139485;31132;25947;35420;8565;13628;8718;572;864
5154;Kleve;Nordrhein-Westfalen;311300;20.3;27.1;19947;227072;136936;1138;135798;48756;23140;29493;4398;8692;9643;203;872
5158;Mettmann;Nordrhein-Westfalen;485400;17.3;30.3;25021;367255;234470;1887;232583;67117;40332;54145;8214;20603;18496;595;1450
5162;Rhein-Kreis Neuss;Nordrhein-Westfalen;449400;17.7;28.4;24546;334970;211321;1599;209722;68003;34152;45452;6704;16801;18190;499;1430
5166;Viersen;Nordrhein-Westfalen;298700;18;28.7;22492;228023;141531;1143;140388;45986;22425;33173;4794;9873;11048;288;739
5170;Wesel;Nordrhein-Westfalen;460700;18.1;30.3;21372;356669;218552;1843;216709;59081;48737;44847;9330;19658;14243;333;1013
5314;Bonn, Stadt;Nordrhein-Westfalen;325500;25.5;23.3;23056;228055;158454;818;157636;36292;24317;50341;7674;9417;11084;1054;2845
5315;Köln, Stadt;Nordrhein-Westfalen;1080400;25.4;22.6;21608;740445;478584;2530;476054;94220;80809;156513;29156;29371;29704;3426;7624
5316;Leverkusen, Stadt;Nordrhein-Westfalen;163600;19.4;27.7;20884;116192;69726;580;69146;18053;13790;15693;2952;6510;4613;190;529
5334;Städteregion Aachen;Nordrhein-Westfalen;554100;25.3;26.3;19781;405297;249066;1785;247281;66036;49130;60880;10988;17066;14899;1143;4205
5358;Düren;Nordrhein-Westfalen;262900;19.8;28;20526;199697;120596;1323;119273;38646;23922;20432;4248;11541;8474;219;670
5362;Rhein-Erft-Kreis;Nordrhein-Westfalen;467200;18.6;27.8;21815;346326;221108;1921;219187;62997;43715;46003;7561;20340;16994;537;1457
5366;Euskirchen;Nordrhein-Westfalen;192100;18.4;28.5;20938;151478;92856;910;91946;31063;15100;16910;3100;8877;7808;184;424
5370;Heinsberg;Nordrhein-Westfalen;253100;19;27.6;19448;191076;112624;1250;111374;39869;18552;21245;4098;9358;7147;162;642
5374;Oberbergischer Kreis;Nordrhein-Westfalen;273000;19.1;27.9;22691;207897;126632;1246;125386;39757;21981;26025;4498;11581;8770;236;657
5378;Rheinisch-Bergischer Kreis;Nordrhein-Westfalen;283300;17;29.7;25295;218106;148415;954;147461;44229;24012;38570;5015;10646;11647;422;1031
5382;Rhein-Sieg-Kreis;Nordrhein-Westfalen;599100;18.5;27.7;22975;455483;300312;2297;298015;89675;48388;72122;10665;24212;22440;818;2141
5512;Bottrop, Stadt;Nordrhein-Westfalen;117400;19;29.4;19674;87999;52298;495;51803;12582;12867;8968;2138;6387;3021;85;227
5513;Gelsenkirchen, Stadt;Nordrhein-Westfalen;260300;20.9;27.2;16203;172667;88520;873;87647;17200;22498;13697;4025;14398;4573;103;349
5515;Münster, Stadt;Nordrhein-Westfalen;313600;30.6;22.3;22261;234502;172735;675;172060;41986;24719;62955;8565;6883;9791;833;2360
5554;Borken;Nordrhein-Westfalen;369700;20.4;25;21531;278983;181490;1049;180441;74957;29100;37232;4563;9776;12300;258;699
5558;Coesfeld;Nordrhein-Westfalen;219400;18.5;27.3;23009;173128;120067;660;119407;45668;18389;28811;3401;6513;7871;182;527
5562;Recklinghausen;Nordrhein-Westfalen;616800;18.4;29.8;19860;469803;274127;2376;271751;69706;64106;50554;10973;31142;15959;495;1151
5566;Steinfurt;Nordrhein-Westfalen;446600;19.7;25.9;21330;340621;221236;1405;219831;75682;43333;51258;7499;12331;13250;301;928
5570;Warendorf;Nordrhein-Westfalen;277500;18.8;27.5;22576;209212;136095;1068;135027;48013;23999;29821;4372;9035;8986;200;508
5711;Bielefeld, Stadt;Nordrhein-Westfalen;332600;23.6;25.8;22659;237243;151359;1115;150244;32603;28270;42289;9851;11498;8254;644;1175
5754;Gütersloh;Nordrhein-Westfalen;363000;20.3;25.5;24271;263292;164193;1197;162996;52419;27534;39536;5613;12505;10355;249;760
5758;Herford;Nordrhein-Westfalen;251500;18.8;28.5;22062;191048;113252;886;112366;29137;25712;24221;4512;11154;6460;169;481
5762;Höxter;Nordrhein-Westfalen;141600;18.5;29.4;21148;111469;69376;603;68773;27446;11332;11659;2174;5650;4449;75;244
5766;Lippe;Nordrhein-Westfalen;349100;19.1;28.9;22239;267750;164131;1504;162627;41966;35954;34841;6171;15680;10678;278;691
5770;Minden-Lübbecke;Nordrhein-Westfalen;311200;19.1;28.4;22262;240182;141925;1140;140785;38634;33063;28984;5064;12815;8706;231;617
5774;Paderborn;Nordrhein-Westfalen;305400;23.3;24.2;20913;230673;139337;1045;138292;49607;19044;31362;4946;11131;9196;315;731
5911;Bochum, Stadt;Nordrhein-Westfalen;365500;23.4;28.6;19620;271415;165848;1352;164496;32602;37849;40111;9336;15598;9186;591;1180
5913;Dortmund, Stadt;Nordrhein-Westfalen;586600;22.9;26.6;18946;412595;241251;1724;239527;46156;54803;59764;13420;22013;14207;860;1618
5914;Hagen, Stadt der FernUniversität;Nordrhein-Westfalen;187700;19.5;29;19774;130560;72701;673;72028;17400;16064;13199;3145;9077;4643;174;313
5915;Hamm, Stadt;Nordrhein-Westfalen;179200;20.6;27.2;18006;125696;72634;661;71973;19511;16598;13850;2960;7847;4182;106;321
5916;Herne, Stadt;Nordrhein-Westfalen;156500;20.2;28.4;17579;110671;59386;656;58730;11770;15717;10264;2971;7776;2991;123;266
5954;Ennepe-Ruhr-Kreis;Nordrhein-Westfalen;324700;18.4;30.7;24220;251943;156333;1219;155114;35800;35666;36561;6316;14231;10042;417;700
5958;Hochsauerlandkreis;Nordrhein-Westfalen;261600;19;28.8;23151;201504;125086;826;124260;51681;21337;19880;3535;9206;8422;139;508
5962;Märkischer Kreis;Nordrhein-Westfalen;413400;18.9;28.6;24137;302136;170216;1563;168653;52808;32827;30402;6262;16987;11983;312;686
5966;Olpe;Nordrhein-Westfalen;134800;19.5;26.6;27132;102295;64952;484;64468;29663;9958;9457;1617;4728;4390;72;192
5970;Siegen-Wittgenstein;Nordrhein-Westfalen;278000;21.5;28.1;23134;211301;130057;1028;129029;37646;26498;22786;5707;13429;8632;282;517
5974;Soest;Nordrhein-Westfalen;301700;19.1;27.7;21845;232476;140609;937;139672;46716;25043;29429;5003;11331;9811;266;572
5978;Unna;Nordrhein-Westfalen;393900;18.4;29.8;20806;304840;181849;1630;180219;43124;45595;37618;7407;17690;10643;279;795
6411;Darmstadt, Wissenschaftsstadt;Hessen;158300;29.8;22.3;21986;107437;71054;419;70635;11506;10721;23758;5030;4569;3997;581;1145
6412;Frankfurt am Main, Stadt;Hessen;746900;25.7;20.5;21690;429856;258435;1487;256948;50517;38729;80382;16810;17315;19896;2335;3883
6413;Offenbach am Main, Stadt;Hessen;126700;24.5;22.1;17687;67788;34924;320;34604;7050;5629;8937;2520;3498;1916;272;389
6414;Wiesbaden, Landeshauptstadt;Hessen;278700;21.3;25.6;22928;188034;111296;1248;110048;27077;19996;27906;5265;9667;7596;528;1214
6431;Bergstraße;Hessen;268800;18.5;28.9;23330;198695;120269;1404;118865;33924;20550;25914;3949;13356;8104;319;609
6432;Darmstadt-Dieburg;Hessen;296000;19.2;27;23714;215429;136458;1708;134750;32986;26378;32722;5527;12508;8316;426;854
6433;Groß-Gerau;Hessen;271400;20.8;25;20738;176014;100852;1179;99673;23762;19965;22748;4544;10435;5333;318;577
6434;Hochtaunuskreis;Hessen;236000;16.4;28.5;31612;164348;107047;638;106409;32197;14311;27258;3215;9165;9939;320;904
6435;Main-Kinzig-Kreis;Hessen;418200;19.3;27.8;22932;299122;168243;1954;166289;43760;29729;34732;6203;20730;10277;470;884
6436;Main-Taunus-Kreis;Hessen;237000;17.7;26.8;26641;165816;106307;826;105481;31652;15227;26299;3408;9479;8485;332;859
6437;Odenwaldkreis;Hessen;96600;18.2;30.6;21418;70869;39977;649;39328;10486;8636;6970;1717;4560;2536;106;211
6438;Offenbach;Hessen;351700;19.2;27.3;23449;238715;142761;1438;141323;39265;21128;34683;5217;14223;10089;436;891
6439;Rheingau-Taunus-Kreis;Hessen;186600;17.5;29.3;24671;138642;89745;999;88746;26210;15184;20487;2926;8663;6245;223;579
6440;Wetteraukreis;Hessen;305300;19;27.4;22944;225720;132001;1454;130547;35201;22655;30002;4621;13745;8570;386;742
6531;Gießen;Hessen;267100;25.8;25.5;20153;200804;115467;1080;114387;26627;21074;28522;5780;11064;6068;477;778
6532;Lahn-Dill-Kreis;Hessen;254200;19.3;28.5;22884;189854;99764;1132;98632;28512;19965;17590;3401;11847;5419;202;424
6533;Limburg-Weilburg;Hessen;172000;19.1;28;21348;128963;71281;751;70530;22646;13003;12937;2140;7821;4514;112;309
6534;Marburg-Biedenkopf;Hessen;246200;24.7;25.6;20485;183183;104240;702;103538;25203;20696;24425;6119;9620;5267;515;809
6535;Vogelsbergkreis;Hessen;106500;17.5;31.6;21608;84549;47658;648;47010;13725;9893;7797;1658;5823;2903;71;142
6611;Kassel, documenta-Stadt;Hessen;200700;26.7;25.3;18890;140438;77669;679;76990;13392;14868;23724;6189;5747;3523;460;643
6631;Fulda;Hessen;221800;20.8;27.3;22038;169731;96971;1027;95944;36746;10860;16886;2891;12300;6244;175;408
6632;Hersfeld-Rotenburg;Hessen;121100;18.2;30.9;20459;93170;51374;671;50703;13214;13717;7641;1786;6719;2670;66;150
6633;Kassel;Hessen;236700;17.1;31.7;22015;188535;106557;1497;105060;24050;30061;21314;4214;10021;5346;186;418
6634;Schwalm-Eder-Kreis;Hessen;180800;18.1;30;20898;142375;79761;1124;78637;18397;20751;14746;2550;8703;4574;105;247
6635;Waldeck-Frankenberg;Hessen;157300;18.2;30;21041;122990;64274;668;63606;18497;13980;12282;2063;6480;4287;114;199
6636;Werra-Meißner-Kreis;Hessen;101100;17.9;32.8;19785;80896;45007;661;44346;11238;11662;7787;1853;4720;2272;117;154
7111;Koblenz, kreisfreie Stadt;Rheinland-Pfalz;113800;26;27.6;21029;83969;51030;558;50472;14597;9023;12104;1997;3736;2842;186;417
7131;Ahrweiler;Rheinland-Pfalz;128900;18.1;31.4;22962;101130;66754;914;65840;24456;10771;11929;1709;5224;4509;129;339
7132;Altenkirchen (Westerwald);Rheinland-Pfalz;128800;18.9;29;21176;100084;60894;954;59940;21117;13102;8148;1853;5820;3693;95;168
7133;Bad Kreuznach;Rheinland-Pfalz;157500;18.2;30.2;21680;120062;76580;1391;75189;22463;17851;11872;2336;7704;4827;136;328
7134;Birkenfeld;Rheinland-Pfalz;80700;18.4;31.8;21504;63968;37438;846;36592;11168;9765;4237;1169;3964;2421;51;120
7135;Cochem-Zell;Rheinland-Pfalz;61700;17.9;31.4;21797;48695;33513;791;32722;13926;6153;4130;717;2504;2108;32;122
7137;Mayen-Koblenz;Rheinland-Pfalz;213600;18.7;28.8;21895;166494;103594;1666;101928;36736;20891;16503;2578;8675;5955;157;412
7138;Neuwied;Rheinland-Pfalz;181700;18.6;29.1;22672;138266;85586;1242;84344;27819;17876;14057;2604;7703;5113;148;402
7140;Rhein-Hunsrück-Kreis;Rheinland-Pfalz;102900;18.1;29.8;23219;80641;55654;1045;54609;19037;11940;7577;1571;4790;3840;79;192
7141;Rhein-Lahn-Kreis;Rheinland-Pfalz;122400;17.9;30.4;21785;94897;62501;1162;61339;17516;15515;9513;1792;5778;3608;117;221
7143;Westerwaldkreis;Rheinland-Pfalz;201000;18.7;27.7;24107;154470;100984;1824;99160;36475;18474;14422;2838;9443;6458;139;353
7211;Trier, kreisfreie Stadt;Rheinland-Pfalz;110000;30.4;23.3;19857;80431;48513;495;48018;11402;10828;12327;2432;3223;2416;229;390
7231;Bernkastel-Wittlich;Rheinland-Pfalz;112100;18.1;29.9;22529;86064;56250;1394;54856;20367;11559;7377;1522;4197;3691;78;172
7232;Eifelkreis Bitburg-Prüm;Rheinland-Pfalz;98200;19.7;27.6;21402;72180;50036;1218;48818;18773;10433;6823;1251;3355;2872;51;163
7233;Vulkaneifel;Rheinland-Pfalz;60700;18;31.6;21292;48002;30756;673;30083;12509;5869;3897;862;2180;1895;33;109
7235;Trier-Saarburg;Rheinland-Pfalz;148500;18.2;27.5;22541;112648;79046;1456;77590;26439;20642;11493;2158;5364;3493;99;250
7311;Frankenthal (Pfalz), kreisfreie Stadt;Rheinland-Pfalz;48400;20.1;29.1;21226;33348;19033;342;18691;5987;3656;2862;658;2533;988;27;88
7312;Kaiserslautern, kreisfreie Stadt;Rheinland-Pfalz;99700;27.4;26.5;18796;71405;38987;556;38431;8614;8256;7567;1671;4622;2148;132;334
7313;Landau in der Pfalz, kreisfreie Stadt;Rheinland-Pfalz;46300;26.6;25.1;21233;36257;24118;268;23850;6078;4126;6626;993;1875;1097;94;192
7314;Ludwigshafen am Rhein, kreisfreie Stadt;Rheinland-Pfalz;168500;22.4;24.8;19390;102451;55382;1145;54237;12921;12702;8990;2150;7684;2731;134;322
7315;Mainz, kreisfreie Stadt;Rheinland-Pfalz;215100;30.2;22.7;21515;150251;102415;898;101517;23371;18047;29557;4528;5966;5429;645;1924
7316;Neustadt an der Weinstraße, kreisfreie Stadt;Rheinland-Pfalz;53400;18.8;31.2;25390;40621;26536;318;26218;7822;4433;5350;665;2611;1555;61;193
7317;Pirmasens, kreisfreie Stadt;Rheinland-Pfalz;40600;19.3;32.8;19649;30963;15443;385;15058;4945;3352;1414;517;2245;779;15;29
7318;Speyer, kreisfreie Stadt;Rheinland-Pfalz;50900;19.5;29;23860;36237;21947;274;21673;5842;4532;4784;802;2278;1039;57;159
7319;Worms, kreisfreie Stadt;Rheinland-Pfalz;83100;21.7;26.9;20300;58082;32205;547;31658;8879;7313;5302;890;3941;1611;69;198
7320;Zweibrücken, kreisfreie Stadt;Rheinland-Pfalz;34300;21;30;19750;25997;13735;260;13475;3599;3533;1864;541;1583;627;20;70
7331;Alzey-Worms;Rheinland-Pfalz;128500;18.6;27.1;22245;98159;66764;1400;65364;17458;15783;9925;1679;8168;4101;134;302
7332;Bad Dürkheim;Rheinland-Pfalz;132700;16.5;31.2;25615;104795;73281;1087;72194;21501;14734;11909;1755;8223;4598;125;582
7333;Donnersbergkreis;Rheinland-Pfalz;75100;17.7;29.1;21374;58275;38700;755;37945;9733;9652;4925;1148;4742;2183;54;126
7334;Germersheim;Rheinland-Pfalz;128500;20;26.4;22212;94398;62054;1065;60989;19420;11665;8534;1532;8686;3632;109;258
7335;Kaiserslautern;Rheinland-Pfalz;105600;18.5;28.9;20931;81200;54712;1293;53419;16430;12224;6370;1659;6906;2379;35;191
7336;Kusel;Rheinland-Pfalz;70800;17.7;31.6;20564;56626;37704;957;36747;9392;10245;4082;1287;4989;1606;19;111
7337;Südliche Weinstraße;Rheinland-Pfalz;110600;17.5;30.1;23424;87144;62276;1193;61083;20583;11556;10081;1473;6541;3370;112;273
7338;Rhein-Pfalz-Kreis;Rheinland-Pfalz;153600;17.5;29.4;25441;117009;80643;1143;79500;24852;16039;13142;1896;9531;4847;151;385
7339;Mainz-Bingen;Rheinland-Pfalz;209800;17.8;27.2;25408;158766;112389;1540;110849;32372;23494;22665;3257;9302;6796;285;774
7340;Südwestpfalz;Rheinland-Pfalz;95500;17;32.7;22459;78708;55977;1498;54479;19236;11152;5385;1360;6785;3202;72;162
8111;Stuttgart, Landeshauptstadt;Baden-Württemberg;632700;27.1;22.8;25012;380985;255299;2186;253113;60326;34210;71882;12899;18854;20724;1798;2914
8115;Böblingen;Baden-Württemberg;389500;20.6;25.7;24507;262708;173929;2635;171294;53642;22182;37294;4509;17561;13519;526;878
8116;Esslingen;Baden-Württemberg;532400;21;26.2;24908;368113;242077;3630;238447;71172;32653;55214;7089;22948;17208;839;1288
8117;Göppingen;Baden-Württemberg;256300;19.9;27.7;23985;178436;111671;2196;109475;33328;15222;22362;2673;13715;7590;226;392
8118;Ludwigsburg;Baden-Württemberg;542600;20.7;25.6;25231;365969;244639;3726;240913;71184;33193;54293;7377;23899;17502;655;1208
8119;Rems-Murr-Kreis;Baden-Württemberg;424900;19.8;27.1;24638;296118;192589;2934;189655;57657;25672;37345;5369;21810;15896;575;901
8121;Heilbronn, Stadt;Baden-Württemberg;125100;23.7;25;32366;77185;42857;661;42196;11260;6926;8676;1643;5494;3320;111;252
8125;Heilbronn;Baden-Württemberg;340800;20.4;25.3;24123;240917;155058;3448;151610;46266;21762;28143;3857;19542;11626;236;699
8126;Hohenlohekreis;Baden-Württemberg;111400;21;25.8;23219;82938;51821;872;50949;17043;6559;9912;1261;6071;4274;93;169
8127;Schwäbisch Hall;Baden-Württemberg;194200;20.8;25.8;23061;143275;86841;1596;85245;26183;11965;18246;2462;9753;6405;144;366
8128;Main-Tauber-Kreis;Baden-Württemberg;132200;19.3;29.2;22232;101414;67126;1541;65585;26023;8631;11367;1554;7055;3486;98;242
8135;Heidenheim;Baden-Württemberg;132000;19.9;28.2;22034;93726;54623;1150;53473;18579;8329;10730;1569;5469;2474;95;203
8136;Ostalbkreis;Baden-Württemberg;312400;20.6;26.9;23888;229683;145474;3049;142425;54564;18964;28036;4056;14220;7735;242;581
8211;Baden-Baden, Stadt;Baden-Württemberg;54700;18.1;32.9;29565;38487;23743;342;23401;7488;2883;6026;611;2235;1775;97;154
8212;Karlsruhe, Stadt;Baden-Württemberg;311900;28.8;23.7;22045;209516;135414;1401;134013;28271;18171;42421;6994;10507;8382;904;2982
8215;Karlsruhe;Baden-Württemberg;442700;19.4;27.5;23996;323743;209824;4319;205505;67196;28539;42285;5240;23139;12963;443;1206
8216;Rastatt;Baden-Württemberg;230200;19.1;28.2;22803;167388;103625;2679;100946;33833;13827;20836;2450;11726;5771;214;551
8221;Heidelberg, Stadt;Baden-Württemberg;160600;33.8;21;23189;100384;70400;531;69869;13010;10378;25322;3789;4303;4299;644;2027
8222;Mannheim, Universitätsstadt;Baden-Württemberg;308000;26.6;24;20592;199916;116583;1488;115095;24961;20937;30065;5356;12286;7260;539;1203
8225;Neckar-Odenwald-Kreis;Baden-Württemberg;143400;19.4;28.4;21775;108500;68927;1638;67289;25663;9899;10520;1600;7937;3722;85;278
8226;Rhein-Neckar-Kreis;Baden-Württemberg;546700;19.3;27.7;24048;399713;263458;5438;258020;74415;40791;58981;7952;27712;16595;605;1704
8231;Pforzheim, Stadt;Baden-Württemberg;124300;23.2;26.1;22882;75907;40405;799;39606;10657;5515;6983;1433;6988;3012;124;266
8235;Calw;Baden-Württemberg;157400;19.5;27.2;23232;112394;71270;1241;70029;24488;8208;12377;1711;9380;5083;157;308
8236;Enzkreis;Baden-Württemberg;198400;18.9;27.4;24829;143293;93972;1656;92316;27558;12764;18348;2032;11956;7251;185;508
8237;Freudenstadt;Baden-Württemberg;117500;19.8;27.2;23982;86402;52901;1074;51827;18652;5868;8870;1201;6572;4750;93;196
8311;Freiburg im Breisgau, Stadt;Baden-Württemberg;229600;30.8;21.5;21256;157789;106341;991;105350;17110;14617;40610;6992;5580;4567;2278;1449
8315;Breisgau-Hochschwarzwald;Baden-Württemberg;262400;19.3;28.1;23963;190991;130032;2902;127130;39429;17093;34984;3556;9630;7695;608;658
8316;Emmendingen;Baden-Württemberg;164700;19.1;27.3;22742;123727;80735;1875;78860;23316;11891;20076;2199;6446;4651;259;338
8317;Ortenaukreis;Baden-Württemberg;425900;19.8;27.4;22800;317094;192872;4425;188447;64810;24574;42823;4346;18844;10222;350;854
8325;Rottweil;Baden-Württemberg;138900;19.6;27.4;24476;102914;63551;1405;62146;23174;6911;10693;1260;7201;4738;125;250
8326;Schwarzwald-Baar-Kreis;Baden-Württemberg;211200;20.7;28.7;23851;147396;87192;1822;85370;31196;9872;17944;1963;8409;6121;161;399
8327;Tuttlingen;Baden-Württemberg;139400;20.9;25.6;25338;95326;57775;1516;56259;21356;5825;10298;1247;6120;4531;107;250
8335;Konstanz;Baden-Württemberg;284000;22.8;26.8;23617;205416;129897;2205;127692;37498;15082;36199;4360;10238;8545;479;1006
8336;Lörrach;Baden-Württemberg;228300;19.7;26.4;25461;161423;97238;1962;95276;26394;14848;24319;3037;8605;6029;301;495
8337;Waldshut;Baden-Württemberg;170200;19.5;27.6;23762;119122;73429;1445;71984;25682;8851;16553;1763;6469;4223;153;319
8415;Reutlingen;Baden-Württemberg;285800;20.6;26.6;23954;200223;124187;1743;122444;37279;15557;27491;3697;13140;12040;282;586
8416;Tübingen;Baden-Württemberg;225800;26.8;22.9;22680;161993;113209;1340;111869;27289;15039;35361;5936;8198;6600;761;1048
8417;Zollernalbkreis;Baden-Württemberg;188200;19.5;28.7;25027;137835;82291;1797;80494;28627;9259;14376;2016;10149;6407;105;334
8421;Ulm, Universitätsstadt;Baden-Württemberg;125600;27.1;23.7;29641;83482;53579;547;53032;13373;7492;16340;1864;3774;3286;259;438
8425;Alb-Donau-Kreis;Baden-Württemberg;194600;20.5;25.4;22884;140124;93880;1734;92146;36095;10052;18793;1772;9143;5424;164;344
8426;Biberach;Baden-Württemberg;198300;21;24.7;22970;146243;93896;1839;92057;37175;8214;18917;1761;8561;5430;150;392
8435;Bodenseekreis;Baden-Württemberg;214700;19.4;28.7;25728;158275;105625;1555;104070;34244;11611;26803;2734;8964;7113;284;729
8436;Ravensburg;Baden-Württemberg;283300;21.3;25.7;22966;208837;133626;2010;131616;46679;12370;33758;3357;9961;7419;296;741
8437;Sigmaringen;Baden-Württemberg;130200;20.6;26.7;22062;96801;61134;1299;59835;24484;5285;12274;1190;6115;3654;97;217
9161;Ingolstadt, Stadt;Bayern;135200;24.8;24;22950;91126;48307;191;48116;18180;4212;9086;1369;5198;2170;152;320
9162;München, Landeshauptstadt;Bayern;1456000;26.4;22.6;29685;928067;607187;952;606235;163314;69366;189160;19206;36274;32116;4300;13112
9163;Rosenheim, Stadt;Bayern;63100;23.9;25.5;22279;41410;23741;85;23656;8477;2226;5185;575;2241;882;81;175
9171;Altötting;Bayern;110300;19.4;28.2;22865;82914;46337;151;46186;22899;3589;6449;859;4050;1150;78;165
9172;Berchtesgadener Land;Bayern;105100;20.8;29.6;22132;75243;43489;188;43301;20329;3178;7176;848;3801;1104;113;152
9173;Bad Tölz-Wolfratshausen;Bayern;126600;19.3;27.3;25486;93112;59005;178;58827;25114;4172;11572;1208;4547;2101;168;383
9174;Dachau;Bayern;152700;20.7;23.9;24411;105723;68840;181;68659;27851;5416;12866;1143;5770;2467;221;465
9175;Ebersberg;Bayern;140800;19.2;24;26614;100417;69005;169;68836;26847;5907;15693;1289;4798;2839;230;606
9176;Eichstätt;Bayern;131600;21.6;23.3;23779;98064;62391;172;62219;30148;4816;7698;1008;6022;1659;124;242
9177;Erding;Bayern;136900;20.6;22.5;24172;99997;63276;183;63093;26175;4116;11159;1207;5797;2017;153;344
9178;Freising;Bayern;178000;23.8;21;23210;121726;77571;261;77310;28109;5738;16737;1748;6413;2737;288;664
9179;Fürstenfeldbruck;Bayern;217800;19;27.1;25055;155179;104616;328;104288;39133;9798;23606;2102;7694;4130;336;831
9180;Garmisch-Partenkirchen;Bayern;88200;18.9;31.2;23933;65722;41530;221;41309;19280;2514;6785;658;3532;1418;111;196
9181;Landsberg am Lech;Bayern;119100;19.2;25.8;24671;90788;60379;153;60226;23196;4363;14416;1269;4381;2118;225;432
9182;Miesbach;Bayern;99200;18.5;28.4;28017;73529;47878;141;47737;21483;3434;8519;751;3538;1907;158;315
9183;Mühldorf a.Inn;Bayern;114500;20.6;26;22935;85802;48898;154;48744;23591;2845;6372;846;5008;1298;107;196
9184;München;Bayern;346400;19.5;25.7;29891;238218;168561;422;168139;63226;16816;39976;3015;11246;8665;597;1824
9185;Neuburg-Schrobenhausen;Bayern;96200;20.4;25.2;22558;72036;39977;103;39874;19694;2427;4974;640;3669;962;55;129
9186;Pfaffenhofen a.d.Ilm;Bayern;126200;21.1;24.1;24891;93530;55841;163;55678;24951;4107;8225;947;5752;1790;122;285
9187;Rosenheim;Bayern;259400;19.4;27.3;24524;195791;123560;336;123224;53762;8768;22753;2020;10273;4078;356;635
9188;Starnberg;Bayern;135500;16.9;28.7;34987;97203;69874;128;69746;25952;6003;18032;1224;4492;4038;262;738
9189;Traunstein;Bayern;176300;19.6;28.9;23908;134120;79726;251;79475;35970;6081;14772;1558;6002;2035;190;326
9190;Weilheim-Schongau;Bayern;134300;19.1;27.9;23691;102661;65636;216;65420;26812;5273;11958;1378;4847;1992;187;372
9261;Landshut, Stadt;Bayern;71200;23.3;26.3;23847;49256;28802;73;28729;11819;2158;5668;733;2552;1139;113;174
9262;Passau, Stadt;Bayern;51800;29.4;27.3;20730;38257;22466;56;22410;9306;1932;4524;614;1824;806;78;396
9263;Straubing, Stadt;Bayern;47600;22.5;27.6;21736;34121;17094;72;17022;8662;1132;1982;409;1991;408;33;62
9271;Deggendorf;Bayern;118700;20.8;26.8;21776;91964;47125;132;46993;25300;2907;4657;735;5359;1062;77;128
9272;Freyung-Grafenau;Bayern;78300;19.2;28.9;20108;63757;31734;94;31640;18113;1842;2447;448;3627;571;57;69
9273;Kelheim;Bayern;121100;21.1;24.6;22451;88551;53158;168;52990;29890;3150;5521;814;4731;1028;115;155
9274;Landshut;Bayern;157200;19.9;24.7;22958;118913;73251;180;73071;37043;3965;8644;1086;7140;1882;134;263
9275;Passau;Bayern;190500;19;28.8;21146;150646;79643;196;79447;43161;5523;7714;1285;8401;1777;118;243
9276;Regen;Bayern;77500;19.5;29.3;20464;62104;29571;74;29497;16146;1955;2303;460;3936;576;35;62
9277;Rottal-Inn;Bayern;120400;20;27.8;22109;92036;50128;151;49977;27867;2762;5147;756;4664;1095;89;187
9278;Straubing-Bogen;Bayern;99800;19.4;26.2;21801;77829;45798;120;45678;26820;2028;3601;559;4828;810;54;113
9279;Dingolfing-Landau;Bayern;95800;21.5;25.3;23052;71333;38817;133;38684;21310;2330;3181;556;4382;910;38;123
9361;Amberg, Stadt;Bayern;42200;20.8;30;21583;32373;16912;69;16843;6682;2098;2690;486;1842;482;41;59
9362;Regensburg, Stadt;Bayern;150900;30.5;22.3;21866;106300;64366;120;64246;20570;5590;17573;2307;4576;2306;609;585
9363;Weiden i.d.OPf., Stadt;Bayern;42500;21.3;29.6;20818;32545;17022;61;16961;6899;2214;2518;505;1818;579;52;53
9371;Amberg-Sulzbach;Bayern;102800;19.4;28;21427;81933;49440;205;49235;21847;5871;5825;955;4705;1135;70;153
9372;Cham;Bayern;127300;19.7;28;21238;101981;54249;140;54109;28685;2805;4479;770;6549;893;76;112
9373;Neumarkt i.d.OPf.;Bayern;132600;20.6;25.4;22950;101502;64082;236;63846;32256;3929;8850;1272;5406;1457;111;192
9374;Neustadt a.d.Waldnaab;Bayern;94500;19.5;27.8;21083;75822;44489;157;44332;21420;5193;4386;774;4367;986;61;109
9375;Regensburg;Bayern;192200;19.3;25.7;23001;147691;92384;301;92083;43058;6510;12910;1676;8832;2118;236;330
9376;Schwandorf;Bayern;146500;20.2;27.1;20927;114507;63738;205;63533;30278;6302;6093;1236;7420;1301;74;165
9377;Tirschenreuth;Bayern;72700;18.9;29.7;21082;58961;34685;121;34564;18086;3368;3206;548;2913;666;33;72
9461;Bamberg, Stadt;Bayern;77200;28.7;24.7;21031;55702;33638;117;33521;10161;3233;9536;1371;2621;1191;182;436
9462;Bayreuth, Stadt;Bayern;74000;29.3;27.4;20905;57162;32379;72;32307;10647;3838;7628;933;2426;1715;160;467
9463;Coburg, Stadt;Bayern;41200;22.6;30;23911;31595;17874;83;17791;5934;2509;4065;582;1352;682;52;109
9464;Hof, Stadt;Bayern;46000;20.7;30.6;19957;33055;16511;75;16436;6227;2348;2384;485;1926;592;34;64
9471;Bamberg;Bayern;146600;19.5;25.5;22646;116060;70383;196;70187;31769;5635;9497;1290;7933;2292;111;295
9472;Bayreuth;Bayern;103800;17.6;29.2;21512;83702;50496;178;50318;22991;5612;6845;910;4269;1284;80;175
9473;Coburg;Bayern;86900;18;30.1;25069;69832;40024;130;39894;16526;5802;5626;836;3555;1091;57;146
9474;Forchheim;Bayern;115700;19.1;26.9;23187;90647;57875;146;57729;24367;5207;9967;1252;4967;1818;121;311
9475;Hof;Bayern;95800;16.7;32.9;21358;76879;43777;150;43627;18790;6540;4742;860;4527;1144;53;113
9476;Kronach;Bayern;67500;17.2;31.4;22102;54955;31157;129;31028;14769;4644;3113;603;2896;680;45;81
9477;Kulmbach;Bayern;72000;17.4;31.2;22462;58900;33828;106;33722;14217;4463;4787;675;3218;894;70;88
9478;Lichtenfels;Bayern;66800;18.5;29.4;21156;53699;31007;116;30891;14664;3090;3859;573;3062;745;36;93
9479;Wunsiedel i.Fichtelgebirge;Bayern;73500;17;33.6;22111;58033;31691;163;31528;13167;4868;3531;690;3428;789;55;104
9561;Ansbach, Stadt;Bayern;41700;22;27.6;20737;30644;16542;68;16474;5590;1891;3383;608;1683;504;43;72
9562;Erlangen, Stadt;Bayern;111000;28.8;22.8;23528;77514;51553;134;51419;14135;6222;14868;2151;3041;2152;286;668
9563;Fürth, Stadt;Bayern;126500;22.5;24.2;23061;86896;49206;255;48951;13687;6914;12143;2406;4348;1694;217;422
9564;Nürnberg, Stadt;Bayern;515200;24.1;25.8;21785;342881;201315;665;200650;60602;25928;48463;9648;17660;6848;869;1890
9565;Schwabach, Stadt;Bayern;40800;19.1;27.9;25418;30034;17954;85;17869;6428;2200;4037;520;1508;583;47;78
9571;Ansbach;Bayern;183300;20.2;26.6;22629;140205;83095;268;82827;35856;7498;13658;2078;6958;2248;130;270
9572;Erlangen-Höchstadt;Bayern;135300;18.4;27.1;25135;103993;69220;260;68960;25954;7638;15263;1660;5296;2391;174;397
9573;Fürth;Bayern;116200;17.3;29.4;24337;91862;59583;188;59395;22181;7306;12093;1557;5563;1780;117;284
9574;Nürnberger Land;Bayern;169800;18.1;28.8;24993;130181;85009;279;84730;32412;9755;16989;2238;7087;2284;215;402
9575;Neustadt a.d.Aisch-Bad Windsheim;Bayern;99600;19.4;27.6;22380;77629;47484;230;47254;20168;4516;7645;1178;3787;1324;93;203
9576;Roth;Bayern;126100;19;27.3;23592;98021;61897;219;61678;25936;6259;11049;1404;5260;1664;102;272
9577;Weißenburg-Gunzenhausen;Bayern;94200;19.3;28.4;22044;72142;42270;161;42109;19042;4226;6863;928;3206;960;61;145
9661;Aschaffenburg, Stadt;Bayern;69900;21.6;27.1;23918;50032;28272;144;28128;9235;3197;6549;1030;2517;1255;102;191
9662;Schweinfurt, Stadt;Bayern;53400;21.9;30.3;21088;37301;18086;92;17994;6393;2512;3022;861;2078;606;45;86
9663;Würzburg, Stadt;Bayern;126600;32.3;25.5;23380;98961;62589;234;62355;18067;6511;19397;2427;3745;2833;355;709
9671;Aschaffenburg;Bayern;174000;18.7;28.1;23756;133359;83226;420;82806;32619;9308;15407;1907;7486;3403;183;302
9672;Bad Kissingen;Bayern;103300;17.9;31.6;21738;83393;50104;181;49923;24213;4218;6868;1262;4524;1508;66;154
9673;Rhön-Grabfeld;Bayern;79800;18.8;29.1;21543;63690;37867;171;37696;18684;2999;5650;920;2849;1085;48;121
9674;Haßberge;Bayern;84500;19.2;27.8;21147;68076;41428;160;41268;18973;4229;5292;978;3869;1139;54;125
9675;Kitzingen;Bayern;90400;20;27.2;23748;69339;42721;147;42574;17793;4202;6920;956;3447;1345;75;181
9676;Miltenberg;Bayern;128500;18.8;27.8;22544;95625;57424;298;57126;23468;6451;9459;1362;4677;2085;121;191
9677;Main-Spessart;Bayern;126500;18.4;29.9;22524;99845;63107;253;62854;27795;6999;10239;1249;4917;1679;137;207
9678;Schweinfurt;Bayern;115100;19.3;28.6;21896;91257;57031;226;56805;26229;5416;8583;1348;5026;1728;73;204
9679;Würzburg;Bayern;161300;19.1;27.9;22762;127271;86729;344;86385;35729;9696;17730;1841;5989;3078;183;412
9761;Augsburg, Stadt;Bayern;292900;26.1;25;19203;190297;105759;379;105380;32369;10642;27010;4085;9420;3837;504;927
9762;Kaufbeuren, Stadt;Bayern;43500;20.3;29.4;21906;31409;16466;64;16402;6258;1422;3365;553;1676;508;48;80
9763;Kempten (Allgäu), Stadt;Bayern;68300;23.7;28.1;21551;48287;27480;111;27369;9026;2326;6009;805;2545;1158;71;352
9764;Memmingen, Stadt;Bayern;43500;20.8;27.9;26941;29480;16907;95;16812;6238;1761;2925;451;1683;620;20;77
9771;Aichach-Friedberg;Bayern;132600;19.2;25.8;24748;101054;63835;194;63641;28672;4575;10563;980;6036;1995;111;274
9772;Augsburg;Bayern;249800;19.1;26.7;24043;175929;113603;387;113216;47360;8966;20121;2082;10520;3601;230;487
9773;Dillingen a.d.Donau;Bayern;95200;20;26.6;23162;72685;39802;142;39660;18242;2859;5345;602;4457;1215;57;117
9774;Günzburg;Bayern;124500;20.6;25.7;23362;90250;48939;160;48779;22043;3485;6919;885;5322;1528;64;137
9775;Neu-Ulm;Bayern;172500;21;26.4;23442;124024;69323;282;69041;26501;6626;13361;1602;6961;2955;151;319
9776;Lindau (Bodensee);Bayern;81100;18.9;28.6;24656;60124;37128;116;37012;13871;3022;8864;1028;2454;1308;113;187
9777;Ostallgäu;Bayern;139300;19.6;27.3;23281;106148;65322;197;65125;29243;4198;11560;1282;4789;1817;104;253
9778;Unterallgäu;Bayern;142500;20;27.2;24933;108872;64100;185;63915;28550;3810;9316;1100;6401;2026;93;274
9779;Donau-Ries;Bayern;133000;20.5;26.1;24066;100343;59267;199;59068;29819;4771;8140;980;4828;1499;65;149
9780;Oberallgäu;Bayern;154600;18.9;29;23482;119411;76813;264;76549;31496;4637;14449;1251;5473;2291;133;339
10041;Regionalverband Saarbrücken;Saarland;330200;21.5;29.8;19737;243243;149549;2469;147080;41663;33217;23503;9989;13599;5780;462;905
10042;Merzig-Wadern;Saarland;103700;18;29.9;19067;79317;55224;1303;53921;19894;12157;6290;2988;4792;2087;60;193
10043;Neunkirchen;Saarland;133300;18.3;31.8;20134;105048;68379;1535;66844;21543;16979;7216;4234;7114;2332;82;221
10044;Saarlouis;Saarland;195800;18.6;31.4;20904;153711;103633;2449;101184;34000;23986;11971;6046;9824;3627;116;380
10045;Saarpfalz-Kreis;Saarland;143400;18.3;32.3;22783;113837;78969;1650;77319;24068;16478;11074;4265;8556;3085;152;351
10046;St. Wendel;Saarland;87900;17.6;32.2;21353;72330;53803;1401;52402;20727;12361;5704;2262;4170;1541;56;164
11000;Berlin, Stadt;Berlin;3613500;24.2;24.7;19719;2508423;1520573;13550;1507023;229251;211665;419246;179871;149172;71565;18693;17955
12051;Brandenburg an der Havel, Stadt;Brandenburg;71900;18;34.7;17609;58801;28677;501;28176;5518;5005;3885;3276;4906;1031;72;144
12052;Cottbus, Stadt;Brandenburg;101000;20.6;32.2;19983;78559;45065;782;44283;7180;7057;4326;5576;10901;2180;143;249
12053;Frankfurt (Oder), Stadt;Brandenburg;58200;18.9;33.6;17381;44982;22987;341;22646;3817;3168;2535;4177;4697;974;82;93
12054;Potsdam, Stadt;Brandenburg;175700;22.7;25.3;19550;135094;86309;759;85550;10732;15230;19813;12502;9322;3698;679;1131
12060;Barnim;Brandenburg;180900;14.8;31.1;19707;151567;88862;1437;87425;14419;13264;10792;13072;17215;3294;373;350
12061;Dahme-Spreewald;Brandenburg;167300;15.2;31.4;20068;136834;86486;1673;84813;15192;14201;10172;9871;17603;3758;313;370
12062;Elbe-Elster;Brandenburg;103500;13.5;36.3;18189;86349;51947;1209;50738;11456;8034;3083;5231;12538;2322;91;186
12063;Havelland;Brandenburg;160700;15.3;29.4;19437;131241;78141;1104;77037;15158;13531;11786;7643;13797;3629;210;359
12064;Märkisch-Oderland;Brandenburg;192900;13.9;31.7;19407;159887;95156;1661;93495;15114;14535;10235;14383;19759;4128;347;376
12065;Oberhavel;Brandenburg;209900;15;30;20718;172531;105515;1620;103895;19380;18393;14380;11377;19433;4722;322;506
12066;Oberspreewald-Lausitz;Brandenburg;111100;14;36.5;18699;92584;52561;1173;51388;9839;8917;2951;5932;13596;2194;97;159
12067;Oder-Spree;Brandenburg;178300;14;34.4;19188;148370;87732;1604;86128;13941;14105;8455;11529;19210;3844;313;367
12068;Ostprignitz-Ruppin;Brandenburg;99400;15;33.7;17924;82698;44213;799;43414;8866;8897;4801;5508;7823;1571;123;128
12069;Potsdam-Mittelmark;Brandenburg;213200;13.9;29.7;21746;172791;113786;1823;111963;21747;20931;19138;11413;16463;5754;459;636
12070;Prignitz;Brandenburg;77300;14.6;36.2;18335;64169;35810;660;35150;7438;7455;2891;4101;6730;1554;76;96
12071;Spree-Neiße;Brandenburg;115500;12.5;36.4;19252;96723;59374;1262;58112;10485;9070;3683;5962;17945;2800;93;188
12072;Teltow-Fläming;Brandenburg;166900;16.4;29.5;19408;135562;81356;1485;79871;14178;14256;9957;9091;15400;3473;249;373
12073;Uckermark;Brandenburg;120300;14;35.9;17628;99860;54438;1092;53346;11082;10186;4323;6983;11103;1846;160;140
13003;Rostock;Mecklenburg-Vorpommern;208400;25.1;30;17771;168227;101059;1386;99673;17268;16635;17632;16747;12351;3581;397;608
13004;Schwerin;Mecklenburg-Vorpommern;95800;19.5;32.4;18378;76049;44883;588;44295;8650;8220;6137;6604;6985;1842;116;218
13071;Mecklenburgische Seenplatte;Mecklenburg-Vorpommern;260600;15;34;18062;215350;118947;2634;116313;30432;16175;9615;18013;22788;4438;220;321
13072;Landkreis Rostock;Mecklenburg-Vorpommern;214600;14.3;31.8;19236;175736;107576;2113;105463;27814;16762;10752;13536;18157;4229;212;346
13073;Vorpommern-Rügen;Mecklenburg-Vorpommern;225100;15.2;34;18259;185870;103258;2440;100818;29362;11764;9457;13477;19719;3869;218;350
13074;Nordwestmecklenburg;Mecklenburg-Vorpommern;157000;16.4;31.1;18475;127902;77167;1716;75451;17239;14920;9175;9755;11945;2819;163;268
13075;Vorpommern-Greifswald;Mecklenburg-Vorpommern;237100;17.5;33.1;17303;193574;111741;2546;109195;28182;13228;9952;13210;23746;4247;261;445
13076;Ludwigslust-Parchim;Mecklenburg-Vorpommern;212500;15;31.9;19149;172045;104542;2341;102201;25893;19532;8556;13577;17503;4194;135;307
14511;Chemnitz, Stadt;Sachsen;246900;20.1;34.2;19659;193089;120546;1630;118916;23863;12311;13313;16506;27973;6132;433;745
14521;Erzgebirgskreis;Sachsen;340400;13.6;37.4;19216;282695;182099;4652;177447;48620;13628;9430;18887;49825;7938;237;545
14522;Mittelsachsen;Sachsen;308200;15;35.6;19433;251899;161919;3557;158362;42228;12493;9898;16816;45052;7382;290;576
14523;Vogtlandkreis;Sachsen;229600;14;37.6;19311;189387;115885;2578;113307;29877;11214;8187;13776;27068;5501;197;390
14524;Zwickau;Sachsen;320000;14.7;36.6;19959;263836;159683;3792;155891;40826;14183;11191;18833;37602;7797;250;576
14612;Dresden, Stadt;Sachsen;551100;25.1;27.1;18922;428979;294298;2954;291344;54466;24530;51480;36274;57568;14680;1819;4243
14625;Bautzen;Sachsen;302600;13.5;35.1;19467;248200;162503;4141;158362;39291;10870;8986;16217;50787;7833;330;513
14626;Görlitz;Sachsen;256600;13.8;37.3;18287;209428;132932;3287;129645;32282;8510;8215;13038;41988;4837;284;421
14627;Meißen;Sachsen;242900;13.6;34.8;20022;199377;128388;2711;125677;29612;9011;9993;12324;39017;6337;271;566
14628;Sächsische Schweiz-Osterzgebirge;Sachsen;245400;14;34.6;19758;201686;135015;2892;132123;30799;8340;9290;12253;43474;6168;301;605
14713;Leipzig, Stadt;Sachsen;582000;27.1;25.7;17770;454329;279864;3435;276429;44597;29466;55815;41349;42938;11628;2346;3032
14729;Leipzig;Sachsen;258000;13.7;34;20438;213907;132167;2791;129376;34425;12919;10310;13917;32594;5959;288;558
14730;Nordsachsen;Sachsen;197800;14.4;33.4;18980;162384;94874;2376;92498;23747;9423;6276;10022;24682;4357;148;262
15001;Dessau-Roßlau, Stadt;Sachsen-Anhalt;82100;15.1;38.5;19294;66952;36568;855;35713;8288;4400;3754;4936;7303;1789;70;163
15002;Halle (Saale), Stadt;Sachsen-Anhalt;239200;24;30.1;17218;185329;106952;1576;105376;18783;11965;17907;16455;16930;5462;767;931
15003;Magdeburg, Landeshauptstadt;Sachsen-Anhalt;238500;23.4;30.5;18206;188108;102810;1618;101192;19187;14518;14667;15170;16282;4633;508;882
15081;Altmarkkreis Salzwedel;Sachsen-Anhalt;84500;15.3;32;19255;69387;38978;893;38085;9374;5409;3339;6261;6538;1691;91;154
15082;Anhalt-Bitterfeld;Sachsen-Anhalt;161300;14.6;35.9;18669;135013;71810;1918;69892;17381;8225;4537;9948;15784;3256;135;210
15083;Börde;Sachsen-Anhalt;172600;15.2;31.5;19778;142548;76208;1667;74541;19072;10302;5605;9456;15221;3565;157;288
15084;Burgenlandkreis;Sachsen-Anhalt;182000;14.8;35.7;18674;148581;82491;2148;80343;19067;8800;4927;10738;19748;3974;153;280
15085;Harz;Sachsen-Anhalt;216300;14.8;35.9;18785;182756;97920;2386;95534;25449;12593;8722;13942;17109;4079;216;341
15086;Jerichower Land;Sachsen-Anhalt;90500;14.1;33.7;19626;75723;41481;1135;40346;10153;5601;3282;5802;7831;1951;110;147
15087;Mansfeld-Südharz;Sachsen-Anhalt;138000;13.5;37.8;18203;115994;62293;1756;60537;13624;7345;3195;9238;15312;3076;94;194
15088;Saalekreis;Sachsen-Anhalt;185500;14.7;33.4;19664;154510;88276;2323;85953;20518;9383;5886;11362;20915;5243;200;291
15089;Salzlandkreis;Sachsen-Anhalt;192700;14.8;35.6;18207;161192;80658;2206;78452;19223;9814;5326;11589;16992;4147;175;314
15090;Stendal;Sachsen-Anhalt;113200;15.4;33.4;17921;93514;50842;1044;49798;11633;6939;4103;7542;9638;2430;125;203
15091;Wittenberg;Sachsen-Anhalt;126800;14;36.7;19112;106738;61427;1513;59914;14788;7144;4088;7727;13074;2445;103;228
16051;Erfurt, Stadt;Thüringen;213000;22.7;28.5;18601;165664;100731;1571;99160;19563;12136;14636;15662;16668;4677;392;627
16052;Gera, Stadt;Thüringen;94900;16.4;36.9;18891;76771;43716;851;42865;7805;3960;3048;7419;12694;1855;93;148
16053;Jena, Stadt;Thüringen;111100;28.8;26.5;18030;82364;53569;607;52962;8322;6368;10778;8312;6738;3443;408;649
16054;Suhl, Stadt;Thüringen;35200;14.4;40.2;20698;30717;17351;292;17059;4240;1942;1425;3333;3146;553;35;49
16055;Weimar, Stadt;Thüringen;64400;22;29;18635;49921;31461;403;31058;6223;3556;6027;4675;4350;1278;252;242
16056;Eisenach, Stadt;Thüringen;42700;17.7;32.5;19062;33008;19648;321;19327;3874;2435;1998;2876;3873;829;44;70
16061;Eichsfeld;Thüringen;100600;16.3;30.9;19127;80973;53336;947;52389;21896;4317;3850;3782;9786;2226;58;146
16062;Nordhausen;Thüringen;84700;16.9;33.7;17911;69807;41089;799;40290;9332;5373;3015;6489;8992;1799;65;139
16063;Wartburgkreis;Thüringen;123800;14.9;33.2;19832;98890;61889;1352;60537;16902;6564;3966;7787;13890;2320;84;185
16064;Unstrut-Hainich-Kreis;Thüringen;103500;15.6;32.7;18213;84332;50208;1100;49108;13179;5844;3402;6073;11351;2199;68;149
16065;Kyffhäuserkreis;Thüringen;75800;14.6;35.3;17708;63071;37494;1048;36446;8740;4903;1707;5896;8471;1340;42;98
16066;Schmalkalden-Meiningen;Thüringen;123000;15.6;34.3;19992;104428;63880;1457;62423;16264;8279;4357;8220;13894;2463;122;175
16067;Gotha;Thüringen;135500;16;32.6;18780;107910;64606;1417;63189;15259;8949;4762;7840;14384;2462;106;229
16068;Sömmerda;Thüringen;70000;14.7;32.6;18790;57456;35260;838;34422;9593;3093;2087;4687;8493;1501;42;102
16069;Hildburghausen;Thüringen;63900;15.6;32.8;19529;52470;33915;721;33194;8526;3325;1855;4659;8030;1080;40;107
16070;Ilm-Kreis;Thüringen;108800;17.6;33.2;18691;85619;54320;1128;53192;12000;5425;4466;7264;13420;2228;117;218
16071;Weimarer Land;Thüringen;82100;14.7;31.7;19053;66272;43811;960;42851;11837;3720;3236;4958;10449;1958;77;147
16072;Sonneberg;Thüringen;56400;14.6;35.9;19995;48378;27809;526;27283;7146;2596;1696;4045;7206;889;41;72
16073;Saalfeld-Rudolstadt;Thüringen;107400;14.1;36.8;19356;88180;53882;1035;52847;12180;5596;3328;6817;14592;2422;91;161
16074;Saale-Holzland-Kreis;Thüringen;83000;14.5;33.7;18992;68289;45156;1058;44098;11365;3966;3183;6282;10209;2311;94;179
16075;Saale-Orla-Kreis;Thüringen;81500;14.3;34.8;19008;67022;42523;895;41628;10429;3791;2253;5713;11262;1946;67;145
16076;Greiz;Thüringen;99300;12.6;37.7;19502;82940;53220;1153;52067;14559;4859;3031;6427;13297;2288;95;171
16077;Altenburger Land;Thüringen;90700;13;38.5;18822;75863;42953;1052;41901;10674;4582;2298;5664;11371;1641;57;120
